SAPEXTXN1,GS,ICICI,BUY,2013-11-23,101.9,REU,Y,0
SAPEXTXN2,GS,ICICI,SELL,2013-11-23,101.9,REU,Y,0
SAPEXTXN3,GS,ICICI,BUY,2013-11-23,101.9,REU,Y,0
SAPEXTXN4,GS,ICICI,SELL,2013-11-23,101.9,REU,Y,0
SAPEXTXN5,GS,ICICI,BUY,2013-11-23,101.9,REU,Y,0
SAPEXTXN6,GS,ICICI,SELL,2013-11-23,101.9,REU,Y,0
SAPEXTXN7,GS,ICICI,BUY,2013-11-23,101.9,REU,Y,0
SAPEXTXN8,GS,ICICI,SELL,2013-11-23,101.9,REU,Y,0
SAPEXTXN9,GS,ICICI,BUY,2013-11-23,101.9,REU,Y,0
SAPEXTXN10,GS,ICICI,SELL,2013-11-23,101.9,REU,Y,0
SAPEXTXN11,GS,ICICI,BUY,2013-11-23,101.9,REU,Y,0
SAPEXTXN12,GS,ICICI,SELL,2013-11-23,101.9,REU,Y,0
SAPEXTXN13,GS,ICICI,BUY,2013-11-23,101.9,REU,Y,0
SAPEXTXN14,GS,ICICI,SELL,2013-11-23,101.9,REU,Y,0
SAPEXTXN15,GS,ICICI,BUY,2013-11-23,101.9,REU,Y,0
SAPEXTXN16,GS,ICICI,SELL,2013-11-23,101.9,REU,Y,0
SAPEXTXN17,GS,ICICI,BUY,2013-11-23,101.9,REU,Y,0
SAPEXTXN18,GS,ICICI,SELL,2013-11-23,101.9,REU,Y,0
SAPEXTXN19,GS,ICICI,BUY,2013-11-23,101.9,REU,Y,0
SAPEXTXN20,GS,ICICI,SELL,2013-11-23,101.9,REU,Y,0
SAPEXTXN21,GS,ICICI,BUY,2013-11-23,101.9,REU,Y,0
SAPEXTXN22,GS,ICICI,BUY,2013-11-23,101.9,REU,Y,0
SAPEXTXN23,GS,ICICI,BUY,2013-11-23,101.9,REU,Y,0
SAPEXTXN24,GS,ICICI,BUY,2013-11-23,101.9,REU,Y,0
SAPEXTXN25,GS,ICICI,BUY,2013-11-23,101.9,REU,Y,0
SAPEXTXN26,GS,ICICI,BUY,2013-11-23,101.9,REU,Y,0
SAPEXTXN27,GS,ICICI,BUY,2013-11-23,101.9,REU,Y,0
SAPEXTXN28,GS,ICICI,BUY,2013-11-23,101.9,REU,Y,0
SAPEXTXN29,GS,ICICI,BUY,2013-11-23,101.9,REU,Y,0
SAPEXTXN30,GS,ICICI,BUY,2013-11-23,101.9,REU,Y,0
SAPEXTXN31,GS,ICICI,BUY,2013-11-23,101.9,REU,Y,0
SAPEXTXN32,GS,ICICI,BUY,2013-11-23,101.9,REU,Y,0
SAPEXTXN33,GS,ICICI,BUY,2013-11-23,101.9,REU,Y,0
SAPEXTXN34,GS,ICICI,BUY,2013-11-23,101.9,REU,Y,0
SAPEXTXN35,GS,ICICI,BUY,2013-11-23,101.9,REU,Y,0
SAPEXTXN36,GS,ICICI,BUY,2013-11-23,101.9,REU,Y,0
SAPEXTXN37,GS,ICICI,BUY,2013-11-23,101.9,REU,Y,0
SAPEXTXN38,GS,ICICI,BUY,2013-11-23,101.9,REU,Y,0
SAPEXTXN39,GS,ICICI,BUY,2013-11-23,101.9,REU,Y,0
SAPEXTXN40,GS,ICICI,BUY,2013-11-23,101.9,REU,Y,0
SAPEXTXN41,GS,ICICI,BUY,2013-11-23,101.9,REU,Y,0
SAPEXTXN42,GS,ICICI,BUY,2013-11-23,101.9,REU,Y,0
SAPEXTXN43,GS,ICICI,BUY,2013-11-23,101.9,REU,Y,0
SAPEXTXN44,GS,ICICI,BUY,2013-11-23,101.9,REU,Y,0
SAPEXTXN45,GS,ICICI,BUY,2013-11-23,101.9,REU,Y,0
SAPEXTXN46,GS,ICICI,BUY,2013-11-23,101.9,REU,Y,0
SAPEXTXN47,GS,ICICI,BUY,2013-11-23,101.9,REU,Y,0
SAPEXTXN48,GS,ICICI,BUY,2013-11-23,101.9,REU,Y,0
SAPEXTXN49,GS,ICICI,BUY,2013-11-23,101.9,REU,Y,0
SAPEXTXN50,GS,ICICI,BUY,2013-11-23,101.9,REU,Y,0
SAPEXTXN51,GS,ICICI,BUY,2013-11-23,101.9,REU,Y,0
SAPEXTXN52,GS,ICICI,SELL,2013-11-23,101.9,REU,Y,0
SAPEXTXN53,GS,ICICI,BUY,2013-11-23,101.9,REU,Y,0
SAPEXTXN54,GS,ICICI,SELL,2013-11-23,101.9,REU,Y,0
SAPEXTXN55,GS,ICICI,BUY,2013-11-23,101.9,REU,Y,0
SAPEXTXN56,GS,ICICI,SELL,2013-11-23,101.9,REU,Y,0
SAPEXTXN57,GS,ICICI,BUY,2013-11-23,101.9,REU,Y,0
SAPEXTXN58,GS,ICICI,SELL,2013-11-23,101.9,REU,Y,0
SAPEXTXN59,GS,ICICI,BUY,2013-11-23,101.9,REU,Y,0
SAPEXTXN60,GS,ICICI,SELL,2013-11-23,101.9,REU,Y,0
SAPEXTXN61,GS,ICICI,BUY,2013-11-23,101.9,REU,Y,0
SAPEXTXN62,GS,ICICI,SELL,2013-11-23,101.9,REU,Y,0
SAPEXTXN63,GS,ICICI,BUY,2013-11-23,101.9,REU,Y,0
SAPEXTXN64,GS,ICICI,SELL,2013-11-23,101.9,REU,Y,0
SAPEXTXN65,GS,ICICI,BUY,2013-11-23,101.9,REU,Y,0
SAPEXTXN66,GS,ICICI,SELL,2013-11-23,101.9,REU,Y,0
SAPEXTXN67,GS,ICICI,BUY,2013-11-23,101.9,REU,Y,0
SAPEXTXN68,GS,ICICI,SELL,2013-11-23,101.9,REU,Y,0
SAPEXTXN69,GS,ICICI,BUY,2013-11-23,101.9,REU,Y,0
SAPEXTXN70,GS,ICICI,SELL,2013-11-23,101.9,REU,Y,0
SAPEXTXN71,GS,ICICI,SELL,2013-11-23,101.9,REU,Y,0
SAPEXTXN72,GS,ICICI,SELL,2013-11-23,101.9,REU,Y,0
SAPEXTXN73,GS,ICICI,SELL,2013-11-23,101.9,REU,Y,0
SAPEXTXN74,GS,ICICI,SELL,2013-11-23,101.9,REU,Y,0
SAPEXTXN75,GS,ICICI,SELL,2013-11-23,101.9,REU,Y,0
SAPEXTXN76,GS,ICICI,SELL,2013-11-23,101.9,REU,Y,0
SAPEXTXN77,GS,ICICI,SELL,2013-11-23,101.9,REU,Y,0
SAPEXTXN78,GS,ICICI,SELL,2013-11-23,101.9,REU,Y,0
SAPEXTXN79,GS,ICICI,SELL,2013-11-23,101.9,REU,Y,0
SAPEXTXN80,GS,ICICI,SELL,2013-11-23,101.9,REU,Y,0
SAPEXTXN81,GS,ICICI,SELL,2013-11-23,101.9,REU,Y,0
SAPEXTXN82,GS,ICICI,SELL,2013-11-23,101.9,REU,Y,0
SAPEXTXN83,GS,ICICI,SELL,2013-11-23,101.9,REU,Y,0
SAPEXTXN84,GS,ICICI,SELL,2013-11-23,101.9,REU,Y,0
SAPEXTXN85,GS,ICICI,SELL,2013-11-23,101.9,REU,Y,0
SAPEXTXN86,GS,ICICI,SELL,2013-11-23,101.9,REU,Y,0
SAPEXTXN87,GS,ICICI,SELL,2013-11-23,101.9,REU,Y,0
SAPEXTXN88,GS,ICICI,SELL,2013-11-23,101.9,REU,Y,0
SAPEXTXN89,GS,ICICI,SELL,2013-11-23,101.9,REU,Y,0
SAPEXTXN90,GS,ICICI,SELL,2013-11-23,101.9,REU,Y,0
SAPEXTXN91,GS,ICICI,SELL,2013-11-23,101.9,REU,Y,0
SAPEXTXN92,GS,ICICI,SELL,2013-11-23,101.9,REU,Y,0
SAPEXTXN93,GS,ICICI,SELL,2013-11-23,101.9,REU,Y,0
SAPEXTXN94,GS,ICICI,SELL,2013-11-23,101.9,REU,Y,0
SAPEXTXN95,GS,ICICI,SELL,2013-11-23,101.9,REU,Y,0
SAPEXTXN96,GS,ICICI,SELL,2013-11-23,101.9,REU,Y,0
SAPEXTXN97,GS,ICICI,SELL,2013-11-23,101.9,REU,Y,0
SAPEXTXN98,GS,ICICI,SELL,2013-11-23,101.9,REU,Y,0
SAPEXTXN99,GS,ICICI,SELL,2013-11-23,101.9,REU,Y,0
SAPEXTXN100,GS,ICICI,SELL,2013-11-23,101.9,REU,Y,0
SAPEXTXN101,GS,ICICI,BUY,2013-11-23,101.9,REU,Y,0
SAPEXTXN102,GS,ICICI,BUY,2013-11-23,101.9,REU,Y,0
SAPEXTXN103,GS,ICICI,BUY,2013-11-23,101.9,REU,Y,0
SAPEXTXN104,GS,ICICI,BUY,2013-11-23,101.9,REU,Y,0
SAPEXTXN105,GS,ICICI,BUY,2013-11-23,101.9,REU,Y,0
SAPEXTXN106,GS,ICICI,BUY,2013-11-23,101.9,REU,Y,0
SAPEXTXN107,GS,ICICI,BUY,2013-11-23,101.9,REU,Y,0
SAPEXTXN108,GS,ICICI,BUY,2013-11-23,101.9,REU,Y,0
SAPEXTXN109,GS,ICICI,BUY,2013-11-23,101.9,REU,Y,0
SAPEXTXN110,GS,ICICI,BUY,2013-11-23,101.9,REU,Y,0
SAPEXTXN111,GS,ICICI,BUY,2013-11-23,101.9,REU,Y,0
SAPEXTXN112,GS,ICICI,BUY,2013-11-23,101.9,REU,Y,0
SAPEXTXN113,GS,ICICI,BUY,2013-11-23,101.9,REU,Y,0
SAPEXTXN114,GS,ICICI,BUY,2013-11-23,101.9,REU,Y,0
SAPEXTXN115,GS,ICICI,BUY,2013-11-23,101.9,REU,Y,0
SAPEXTXN116,GS,ICICI,BUY,2013-11-23,101.9,REU,Y,0
SAPEXTXN117,GS,ICICI,BUY,2013-11-23,101.9,REU,Y,0
SAPEXTXN118,GS,ICICI,BUY,2013-11-23,101.9,REU,Y,0
SAPEXTXN119,GS,ICICI,BUY,2013-11-23,101.9,REU,Y,0
SAPEXTXN120,GS,ICICI,BUY,2013-11-23,101.9,REU,Y,0
SAPEXTXN121,GS,ICICI,BUY,2013-11-23,101.9,REU,Y,0
SAPEXTXN122,GS,ICICI,BUY,2013-11-23,101.9,REU,Y,0
SAPEXTXN123,GS,ICICI,BUY,2013-11-23,101.9,REU,Y,0
SAPEXTXN124,GS,ICICI,BUY,2013-11-23,101.9,REU,Y,0
SAPEXTXN125,GS,ICICI,BUY,2013-11-23,101.9,REU,Y,0
SAPEXTXN126,GS,ICICI,BUY,2013-11-23,101.9,REU,Y,0
SAPEXTXN127,GS,ICICI,BUY,2013-11-23,101.9,REU,Y,0
SAPEXTXN128,GS,ICICI,BUY,2013-11-23,101.9,REU,Y,0
SAPEXTXN129,GS,ICICI,BUY,2013-11-23,101.9,REU,Y,0
SAPEXTXN130,GS,ICICI,BUY,2013-11-23,101.9,REU,Y,0
SAPEXTXN131,GS,ICICI,SELL,2013-11-23,101.9,REU,Y,0
SAPEXTXN132,GS,ICICI,BUY,2013-11-23,101.9,REU,Y,0
SAPEXTXN133,GS,ICICI,SELL,2013-11-23,101.9,REU,Y,0
SAPEXTXN134,GS,ICICI,BUY,2013-11-23,101.9,REU,Y,0
SAPEXTXN135,GS,ICICI,SELL,2013-11-23,101.9,REU,Y,0
SAPEXTXN136,GS,ICICI,BUY,2013-11-23,101.9,REU,Y,0
SAPEXTXN137,GS,ICICI,SELL,2013-11-23,101.9,REU,Y,0
SAPEXTXN138,GS,ICICI,BUY,2013-11-23,101.9,REU,Y,0
SAPEXTXN139,GS,ICICI,SELL,2013-11-23,101.9,REU,Y,0
SAPEXTXN140,GS,ICICI,BUY,2013-11-23,101.9,REU,Y,0
SAPEXTXN141,GS,ICICI,SELL,2013-11-23,101.9,REU,Y,0
SAPEXTXN142,GS,ICICI,BUY,2013-11-23,101.9,REU,Y,0
SAPEXTXN143,GS,ICICI,SELL,2013-11-23,101.9,REU,Y,0
SAPEXTXN144,GS,ICICI,BUY,2013-11-23,101.9,REU,Y,0
SAPEXTXN145,GS,ICICI,SELL,2013-11-23,101.9,REU,Y,0
SAPEXTXN146,GS,ICICI,BUY,2013-11-23,101.9,REU,Y,0
SAPEXTXN147,GS,ICICI,SELL,2013-11-23,101.9,REU,Y,0
SAPEXTXN148,GS,ICICI,BUY,2013-11-23,101.9,REU,Y,0
SAPEXTXN149,GS,ICICI,SELL,2013-11-23,101.9,REU,Y,0
SAPEXTXN150,GS,ICICI,BUY,2013-11-23,101.9,REU,Y,0
SAPEXTXN151,GS,ICICI,SELL,2013-11-23,101.9,REU,Y,0
SAPEXTXN152,GS,ICICI,SELL,2013-11-23,101.9,REU,Y,0
SAPEXTXN153,GS,ICICI,SELL,2013-11-23,101.9,REU,Y,0
SAPEXTXN154,GS,ICICI,SELL,2013-11-23,101.9,REU,Y,0
SAPEXTXN155,GS,ICICI,SELL,2013-11-23,101.9,REU,Y,0
SAPEXTXN156,GS,ICICI,SELL,2013-11-23,101.9,REU,Y,0
SAPEXTXN157,GS,ICICI,SELL,2013-11-23,101.9,REU,Y,0
SAPEXTXN158,GS,ICICI,SELL,2013-11-23,101.9,REU,Y,0
SAPEXTXN159,GS,ICICI,SELL,2013-11-23,101.9,REU,Y,0
SAPEXTXN160,GS,ICICI,SELL,2013-11-23,101.9,REU,Y,0
SAPEXTXN161,GS,ICICI,SELL,2013-11-23,101.9,REU,Y,0
SAPEXTXN162,GS,ICICI,SELL,2013-11-23,101.9,REU,Y,0
SAPEXTXN163,GS,ICICI,SELL,2013-11-23,101.9,REU,Y,0
SAPEXTXN164,GS,ICICI,SELL,2013-11-23,101.9,REU,Y,0
SAPEXTXN165,GS,ICICI,SELL,2013-11-23,101.9,REU,Y,0
SAPEXTXN166,GS,ICICI,SELL,2013-11-23,101.9,REU,Y,0
SAPEXTXN167,GS,ICICI,SELL,2013-11-23,101.9,REU,Y,0
SAPEXTXN168,GS,ICICI,SELL,2013-11-23,101.9,REU,Y,0
SAPEXTXN169,GS,ICICI,SELL,2013-11-23,101.9,REU,Y,0
SAPEXTXN170,GS,ICICI,SELL,2013-11-23,101.9,REU,Y,0
SAPEXTXN171,GS,ICICI,SELL,2013-11-23,101.9,REU,Y,0
SAPEXTXN172,GS,ICICI,SELL,2013-11-23,101.9,REU,Y,0
SAPEXTXN173,GS,ICICI,SELL,2013-11-23,101.9,REU,Y,0
SAPEXTXN174,GS,ICICI,SELL,2013-11-23,101.9,REU,Y,0
SAPEXTXN175,GS,ICICI,SELL,2013-11-23,101.9,REU,Y,0
SAPEXTXN176,GS,ICICI,SELL,2013-11-23,101.9,REU,Y,0
SAPEXTXN177,GS,ICICI,SELL,2013-11-23,101.9,REU,Y,0
SAPEXTXN178,GS,ICICI,SELL,2013-11-23,101.9,REU,Y,0
SAPEXTXN179,GS,ICICI,SELL,2013-11-23,101.9,REU,Y,0
SAPEXTXN180,GS,ICICI,SELL,2013-11-23,101.9,REU,Y,0
SAPEXTXN181,GS,ICICI,BUY,2013-11-23,101.9,REU,Y,0
SAPEXTXN182,GS,ICICI,SELL,2013-11-23,101.9,REU,Y,0
SAPEXTXN183,GS,ICICI,BUY,2013-11-23,101.9,REU,Y,0
SAPEXTXN184,GS,ICICI,SELL,2013-11-23,101.9,REU,Y,0
SAPEXTXN185,GS,ICICI,BUY,2013-11-23,101.9,REU,Y,0
SAPEXTXN186,GS,ICICI,SELL,2013-11-23,101.9,REU,Y,0
SAPEXTXN187,GS,ICICI,BUY,2013-11-23,101.9,REU,Y,0
SAPEXTXN188,GS,ICICI,SELL,2013-11-23,101.9,REU,Y,0
SAPEXTXN189,GS,ICICI,BUY,2013-11-23,101.9,REU,Y,0
SAPEXTXN190,GS,ICICI,SELL,2013-11-23,101.9,REU,Y,0
SAPEXTXN191,GS,ICICI,BUY,2013-11-23,101.9,REU,Y,0
SAPEXTXN192,GS,ICICI,SELL,2013-11-23,101.9,REU,Y,0
SAPEXTXN193,GS,ICICI,BUY,2013-11-23,101.9,REU,Y,0
SAPEXTXN194,GS,ICICI,SELL,2013-11-23,101.9,REU,Y,0
SAPEXTXN195,GS,ICICI,BUY,2013-11-23,101.9,REU,Y,0
SAPEXTXN196,GS,ICICI,SELL,2013-11-23,101.9,REU,Y,0
SAPEXTXN197,GS,ICICI,BUY,2013-11-23,101.9,REU,Y,0
SAPEXTXN198,GS,ICICI,SELL,2013-11-23,101.9,REU,Y,0
SAPEXTXN199,GS,ICICI,BUY,2013-11-23,101.9,REU,Y,0
SAPEXTXN200,GS,ICICI,SELL,2013-11-23,101.9,REU,Y,0
SAPEXTXN201,GS,ICICI,DEPOSIT,2013-11-23,101.9,REU,Y,0
SAPEXTXN202,GS,ICICI,DEPOSIT,2013-11-23,101.9,REU,Y,0
SAPEXTXN203,GS,ICICI,DEPOSIT,2013-11-23,101.9,REU,Y,0
SAPEXTXN204,GS,ICICI,DEPOSIT,2013-11-23,101.9,REU,Y,0
SAPEXTXN205,GS,ICICI,DEPOSIT,2013-11-23,101.9,REU,Y,0
SAPEXTXN206,GS,ICICI,DEPOSIT,2013-11-23,101.9,REU,Y,0
SAPEXTXN207,GS,ICICI,DEPOSIT,2013-11-23,101.9,REU,Y,0
SAPEXTXN208,GS,ICICI,DEPOSIT,2013-11-23,101.9,REU,Y,0
SAPEXTXN209,GS,ICICI,DEPOSIT,2013-11-23,101.9,REU,Y,0
SAPEXTXN210,GS,ICICI,DEPOSIT,2013-11-23,101.9,REU,Y,0
SAPEXTXN211,GS,ICICI,DEPOSIT,2013-11-23,101.9,REU,Y,0
SAPEXTXN212,GS,ICICI,DEPOSIT,2013-11-23,101.9,REU,Y,0
SAPEXTXN213,GS,ICICI,DEPOSIT,2013-11-23,101.9,REU,Y,0
SAPEXTXN214,GS,ICICI,DEPOSIT,2013-11-23,101.9,REU,Y,0
SAPEXTXN215,GS,ICICI,DEPOSIT,2013-11-23,101.9,REU,Y,0
SAPEXTXN216,GS,ICICI,DEPOSIT,2013-11-23,101.9,REU,Y,0
SAPEXTXN217,GS,ICICI,DEPOSIT,2013-11-23,101.9,REU,Y,0
SAPEXTXN218,GS,ICICI,DEPOSIT,2013-11-23,101.9,REU,Y,0
SAPEXTXN219,GS,ICICI,DEPOSIT,2013-11-23,101.9,REU,Y,0
SAPEXTXN220,GS,ICICI,DEPOSIT,2013-11-23,101.9,REU,Y,0
SAPEXTXN221,GS,ICICI,DEPOSIT,2013-11-23,101.9,REU,Y,0
SAPEXTXN222,GS,ICICI,DEPOSIT,2013-11-23,101.9,REU,Y,0
SAPEXTXN223,GS,ICICI,DEPOSIT,2013-11-23,101.9,REU,Y,0
SAPEXTXN224,GS,ICICI,DEPOSIT,2013-11-23,101.9,REU,Y,0
SAPEXTXN225,GS,ICICI,DEPOSIT,2013-11-23,101.9,REU,Y,0
SAPEXTXN226,GS,ICICI,DEPOSIT,2013-11-23,101.9,REU,Y,0
SAPEXTXN227,GS,ICICI,DEPOSIT,2013-11-23,101.9,REU,Y,0
SAPEXTXN228,GS,ICICI,DEPOSIT,2013-11-23,101.9,REU,Y,0
SAPEXTXN229,GS,ICICI,DEPOSIT,2013-11-23,101.9,REU,Y,0
SAPEXTXN230,GS,ICICI,DEPOSIT,2013-11-23,101.9,REU,Y,0
SAPEXTXN231,GS,ICICI,DEPOSIT,2013-11-23,101.9,REU,Y,0
SAPEXTXN232,GS,ICICI,DEPOSIT,2013-11-23,101.9,REU,Y,0
SAPEXTXN233,GS,ICICI,DEPOSIT,2013-11-23,101.9,REU,Y,0
SAPEXTXN234,GS,ICICI,DEPOSIT,2013-11-23,101.9,REU,Y,0
SAPEXTXN235,GS,ICICI,DEPOSIT,2013-11-23,101.9,REU,Y,0
SAPEXTXN236,GS,ICICI,DEPOSIT,2013-11-23,101.9,REU,Y,0
SAPEXTXN237,GS,ICICI,DEPOSIT,2013-11-23,101.9,REU,Y,0
SAPEXTXN238,GS,ICICI,DEPOSIT,2013-11-23,101.9,REU,Y,0
SAPEXTXN239,GS,ICICI,DEPOSIT,2013-11-23,101.9,REU,Y,0
SAPEXTXN240,GS,ICICI,DEPOSIT,2013-11-23,101.9,REU,Y,0
SAPEXTXN241,GS,ICICI,DEPOSIT,2013-11-23,101.9,REU,Y,0
SAPEXTXN242,GS,ICICI,DEPOSIT,2013-11-23,101.9,REU,Y,0
SAPEXTXN243,GS,ICICI,DEPOSIT,2013-11-23,101.9,REU,Y,0
SAPEXTXN244,GS,ICICI,DEPOSIT,2013-11-23,101.9,REU,Y,0
SAPEXTXN245,GS,ICICI,DEPOSIT,2013-11-23,101.9,REU,Y,0
SAPEXTXN246,GS,ICICI,DEPOSIT,2013-11-23,101.9,REU,Y,0
SAPEXTXN247,GS,ICICI,DEPOSIT,2013-11-23,101.9,REU,Y,0
SAPEXTXN248,GS,ICICI,DEPOSIT,2013-11-23,101.9,REU,Y,0
SAPEXTXN249,GS,ICICI,DEPOSIT,2013-11-23,101.9,REU,Y,0
SAPEXTXN250,GS,ICICI,DEPOSIT,2013-11-23,101.9,REU,Y,0
SAPEXTXN251,AP,ICICI,DEPOSIT,2017-08-12,101.9,REU,Y,0
SAPEXTXN252,AP,ICICI,DEPOSIT,2017-08-12,101.9,REU,Y,0
SAPEXTXN253,AP,ICICI,DEPOSIT,2017-08-12,101.9,REU,Y,0
SAPEXTXN254,AP,ICICI,DEPOSIT,2017-08-12,101.9,REU,Y,0
SAPEXTXN255,AP,ICICI,DEPOSIT,2017-08-12,101.9,REU,Y,0
SAPEXTXN256,AP,ICICI,DEPOSIT,2017-08-12,101.9,REU,Y,0
SAPEXTXN257,AP,ICICI,DEPOSIT,2017-08-12,101.9,REU,Y,0
SAPEXTXN258,AP,ICICI,DEPOSIT,2017-08-12,101.9,REU,Y,0
SAPEXTXN259,AP,ICICI,DEPOSIT,2017-08-12,101.9,REU,Y,0
SAPEXTXN260,AP,ICICI,DEPOSIT,2017-08-12,101.9,REU,Y,0
SAPEXTXN261,AP,ICICI,BUY,2017-08-12,101.9,REU,Y,0
SAPEXTXN262,AP,ICICI,SELL,2017-08-12,101.9,REU,Y,0
SAPEXTXN263,AP,ICICI,BUY,2017-08-12,101.9,REU,Y,0
SAPEXTXN264,AP,ICICI,SELL,2017-08-12,101.9,REU,Y,0
SAPEXTXN265,AP,ICICI,BUY,2017-08-12,101.9,REU,Y,0
SAPEXTXN266,AP,ICICI,SELL,2017-08-12,101.9,REU,Y,0
SAPEXTXN267,AP,ICICI,BUY,2017-08-12,101.9,REU,Y,0
SAPEXTXN268,AP,ICICI,SELL,2017-08-12,101.9,REU,Y,0
SAPEXTXN269,AP,ICICI,BUY,2017-08-12,101.9,REU,Y,0
SAPEXTXN270,AP,ICICI,SELL,2017-08-12,101.9,REU,Y,0
SAPEXTXN271,AP,ICICI,BUY,2017-08-12,101.9,REU,Y,0
SAPEXTXN272,AP,ICICI,SELL,2017-08-12,101.9,REU,Y,0
SAPEXTXN273,AP,ICICI,BUY,2017-08-12,101.9,REU,Y,0
SAPEXTXN274,AP,ICICI,SELL,2017-08-12,101.9,REU,Y,0
SAPEXTXN275,AP,ICICI,BUY,2017-08-12,101.9,REU,Y,0
SAPEXTXN276,AP,ICICI,SELL,2017-08-12,101.9,REU,Y,0
SAPEXTXN277,AP,ICICI,BUY,2017-08-12,101.9,REU,Y,0
SAPEXTXN278,AP,ICICI,SELL,2017-08-12,101.9,REU,Y,0
SAPEXTXN279,AP,ICICI,BUY,2017-08-12,101.9,REU,Y,0
SAPEXTXN280,AP,ICICI,SELL,2017-08-12,101.9,REU,Y,0
SAPEXTXN281,AP,ICICI,BUY,2017-08-12,101.9,REU,Y,0
SAPEXTXN282,AP,ICICI,SELL,2017-08-12,101.9,REU,Y,0
SAPEXTXN283,AP,ICICI,BUY,2017-08-12,101.9,REU,Y,0
SAPEXTXN284,AP,ICICI,SELL,2017-08-12,101.9,REU,Y,0
SAPEXTXN285,AP,ICICI,BUY,2017-08-12,101.9,REU,Y,0
SAPEXTXN286,AP,ICICI,SELL,2017-08-12,101.9,REU,Y,0
SAPEXTXN287,AP,ICICI,BUY,2017-08-12,101.9,REU,Y,0
SAPEXTXN288,AP,ICICI,SELL,2017-08-12,101.9,REU,Y,0
SAPEXTXN289,AP,ICICI,BUY,2017-08-12,101.9,REU,Y,0
SAPEXTXN290,AP,ICICI,SELL,2017-08-12,101.9,REU,Y,0
SAPEXTXN291,AP,ICICI,BUY,2017-08-12,101.9,REU,Y,0
SAPEXTXN292,AP,ICICI,SELL,2017-08-12,101.9,REU,Y,0
SAPEXTXN293,AP,ICICI,BUY,2017-08-12,101.9,REU,Y,0
SAPEXTXN294,AP,ICICI,SELL,2017-08-12,101.9,REU,Y,0
SAPEXTXN295,AP,ICICI,BUY,2017-08-12,101.9,REU,Y,0
SAPEXTXN296,AP,ICICI,SELL,2017-08-12,101.9,REU,Y,0
SAPEXTXN297,AP,ICICI,BUY,2017-08-12,101.9,REU,Y,0
SAPEXTXN298,AP,ICICI,SELL,2017-08-12,101.9,REU,Y,0
SAPEXTXN299,AP,ICICI,BUY,2017-08-12,101.9,REU,Y,0
SAPEXTXN300,AP,ICICI,SELL,2017-08-12,101.9,REU,Y,0
SAPEXTXN301,AP,ICICI,BUY,2017-08-12,101.9,REU,Y,0
SAPEXTXN302,AP,ICICI,SELL,2017-08-12,101.9,REU,Y,0
SAPEXTXN303,AP,ICICI,BUY,2017-08-12,101.9,REU,Y,0
SAPEXTXN304,AP,ICICI,SELL,2017-08-12,101.9,REU,Y,0
SAPEXTXN305,AP,ICICI,BUY,2017-08-12,101.9,REU,Y,0
SAPEXTXN306,AP,ICICI,SELL,2017-08-12,101.9,REU,Y,0
SAPEXTXN307,AP,ICICI,BUY,2017-08-12,101.9,REU,Y,0
SAPEXTXN308,AP,ICICI,SELL,2017-08-12,101.9,REU,Y,0
SAPEXTXN309,AP,ICICI,BUY,2017-08-12,101.9,REU,Y,0
SAPEXTXN310,AP,ICICI,SELL,2017-08-12,101.9,REU,Y,0
SAPEXTXN311,AP,ICICI,BUY,2017-08-12,101.9,REU,Y,0
SAPEXTXN312,AP,ICICI,SELL,2017-08-12,101.9,REU,Y,0
SAPEXTXN313,AP,ICICI,BUY,2017-08-12,101.9,REU,Y,0
SAPEXTXN314,AP,ICICI,SELL,2017-08-12,101.9,REU,Y,0
SAPEXTXN315,AP,ICICI,BUY,2017-08-12,101.9,REU,Y,0
SAPEXTXN316,AP,ICICI,SELL,2017-08-12,101.9,REU,Y,0
SAPEXTXN317,AP,ICICI,BUY,2017-08-12,101.9,REU,Y,0
SAPEXTXN318,AP,ICICI,SELL,2017-08-12,101.9,REU,Y,0
SAPEXTXN319,AP,ICICI,BUY,2017-08-12,101.9,REU,Y,0
SAPEXTXN320,AP,ICICI,SELL,2017-08-12,101.9,REU,Y,0
SAPEXTXN321,AP,ICICI,BUY,2017-08-12,101.9,REU,Y,0
SAPEXTXN322,AP,ICICI,SELL,2017-08-12,101.9,REU,Y,0
SAPEXTXN323,AP,ICICI,BUY,2017-08-12,101.9,REU,Y,0
SAPEXTXN324,AP,ICICI,SELL,2017-08-12,101.9,REU,Y,0
SAPEXTXN325,AP,ICICI,BUY,2017-08-12,101.9,REU,Y,0
SAPEXTXN326,AP,ICICI,SELL,2017-08-12,101.9,REU,Y,0
SAPEXTXN327,AP,ICICI,BUY,2017-08-12,101.9,REU,Y,0
SAPEXTXN328,AP,ICICI,SELL,2017-08-12,101.9,REU,Y,0
SAPEXTXN329,AP,ICICI,BUY,2017-08-12,101.9,REU,Y,0
SAPEXTXN330,AP,ICICI,SELL,2017-08-12,101.9,REU,Y,0
SAPEXTXN331,AP,ICICI,BUY,2017-08-12,101.9,REU,Y,0
SAPEXTXN332,AP,ICICI,SELL,2017-08-12,101.9,REU,Y,0
SAPEXTXN333,AP,ICICI,BUY,2017-08-12,101.9,REU,Y,0
SAPEXTXN334,AP,ICICI,SELL,2017-08-12,101.9,REU,Y,0
SAPEXTXN335,AP,ICICI,BUY,2017-08-12,101.9,REU,Y,0
SAPEXTXN336,AP,ICICI,SELL,2017-08-12,101.9,REU,Y,0
SAPEXTXN337,AP,ICICI,BUY,2017-08-12,101.9,REU,Y,0
SAPEXTXN338,AP,ICICI,SELL,2017-08-12,101.9,REU,Y,0
SAPEXTXN339,AP,ICICI,BUY,2017-08-12,101.9,REU,Y,0
SAPEXTXN340,AP,ICICI,SELL,2017-08-12,101.9,REU,Y,0
SAPEXTXN341,AP,ICICI,WITHDRAW,2017-08-12,101.9,REU,Y,0
SAPEXTXN342,AP,ICICI,WITHDRAW,2017-08-12,101.9,REU,Y,0
SAPEXTXN343,AP,ICICI,WITHDRAW,2017-08-12,101.9,REU,Y,0
SAPEXTXN344,AP,ICICI,WITHDRAW,2017-08-12,101.9,REU,Y,0
SAPEXTXN345,AP,ICICI,WITHDRAW,2017-08-12,101.9,REU,Y,0
SAPEXTXN346,AP,ICICI,WITHDRAW,2017-08-12,101.9,REU,Y,0
SAPEXTXN347,AP,ICICI,WITHDRAW,2017-08-12,101.9,REU,Y,0
SAPEXTXN348,AP,ICICI,WITHDRAW,2017-08-12,101.9,REU,Y,0
SAPEXTXN349,AP,ICICI,WITHDRAW,2017-08-12,101.9,REU,Y,0
SAPEXTXN350,AP,ICICI,WITHDRAW,2017-08-12,101.9,REU,Y,0
SAPEXTXN351,AP,ICICI,WITHDRAW,2017-08-12,101.9,REU,Y,0
SAPEXTXN352,AP,ICICI,WITHDRAW,2017-08-12,101.9,REU,Y,0
SAPEXTXN353,AP,ICICI,WITHDRAW,2017-08-12,101.9,REU,Y,0
SAPEXTXN354,AP,ICICI,WITHDRAW,2017-08-12,101.9,REU,Y,0
SAPEXTXN355,AP,ICICI,WITHDRAW,2017-08-12,101.9,REU,Y,0
SAPEXTXN356,AP,ICICI,WITHDRAW,2017-08-12,101.9,REU,Y,0
SAPEXTXN357,AP,ICICI,WITHDRAW,2017-08-12,101.9,REU,Y,0
SAPEXTXN358,AP,ICICI,WITHDRAW,2017-08-12,101.9,REU,Y,0
SAPEXTXN359,AP,ICICI,WITHDRAW,2017-08-12,101.9,REU,Y,0
SAPEXTXN360,AP,ICICI,WITHDRAW,2017-08-12,101.9,REU,Y,0
SAPEXTXN361,AP,ICICI,WITHDRAW,2017-08-12,101.9,REU,Y,0
SAPEXTXN362,AP,ICICI,WITHDRAW,2017-08-12,101.9,REU,Y,0
SAPEXTXN363,AP,ICICI,WITHDRAW,2017-08-12,101.9,REU,Y,0
SAPEXTXN364,AP,ICICI,WITHDRAW,2017-08-12,101.9,REU,Y,0
SAPEXTXN365,AP,ICICI,WITHDRAW,2017-08-12,101.9,REU,Y,0
SAPEXTXN366,AP,ICICI,WITHDRAW,2017-08-12,101.9,REU,Y,0
SAPEXTXN367,AP,ICICI,WITHDRAW,2017-08-12,101.9,REU,Y,0
SAPEXTXN368,AP,ICICI,WITHDRAW,2017-08-12,101.9,REU,Y,0
SAPEXTXN369,AP,ICICI,WITHDRAW,2017-08-12,101.9,REU,Y,0
SAPEXTXN370,AP,ICICI,WITHDRAW,2017-08-12,101.9,REU,Y,0
SAPEXTXN371,AP,ICICI,WITHDRAW,2017-08-12,101.9,REU,Y,0
SAPEXTXN372,AP,ICICI,WITHDRAW,2017-08-12,101.9,REU,Y,0
SAPEXTXN373,AP,ICICI,WITHDRAW,2017-08-12,101.9,REU,Y,0
SAPEXTXN374,AP,ICICI,WITHDRAW,2017-08-12,101.9,REU,Y,0
SAPEXTXN375,AP,ICICI,WITHDRAW,2017-08-12,101.9,REU,Y,0
SAPEXTXN376,AP,ICICI,WITHDRAW,2017-08-12,101.9,REU,Y,0
SAPEXTXN377,AP,ICICI,WITHDRAW,2017-08-12,101.9,REU,Y,0
SAPEXTXN378,AP,ICICI,WITHDRAW,2017-08-12,101.9,REU,Y,0
SAPEXTXN379,AP,ICICI,WITHDRAW,2017-08-12,101.9,REU,Y,0
SAPEXTXN380,AP,ICICI,WITHDRAW,2017-08-12,101.9,REU,Y,0
SAPEXTXN381,AP,ICICI,WITHDRAW,2017-08-12,101.9,REU,Y,0
SAPEXTXN382,AP,ICICI,WITHDRAW,2017-08-12,101.9,REU,Y,0
SAPEXTXN383,AP,ICICI,WITHDRAW,2017-08-12,101.9,REU,Y,0
SAPEXTXN384,AP,ICICI,WITHDRAW,2017-08-12,101.9,REU,Y,0
SAPEXTXN385,AP,ICICI,WITHDRAW,2017-08-12,101.9,REU,Y,0
SAPEXTXN386,AP,ICICI,WITHDRAW,2017-08-12,101.9,REU,Y,0
SAPEXTXN387,AP,ICICI,WITHDRAW,2017-08-12,101.9,REU,Y,0
SAPEXTXN388,AP,ICICI,WITHDRAW,2017-08-12,101.9,REU,Y,0
SAPEXTXN389,AP,ICICI,WITHDRAW,2017-08-12,101.9,REU,Y,0
SAPEXTXN390,AP,ICICI,WITHDRAW,2017-08-12,101.9,REU,Y,0
SAPEXTXN391,AP,ICICI,WITHDRAW,2017-08-12,101.9,REU,Y,0
SAPEXTXN392,AP,ICICI,WITHDRAW,2017-08-12,101.9,REU,Y,0
SAPEXTXN393,AP,ICICI,WITHDRAW,2017-08-12,101.9,REU,Y,0
SAPEXTXN394,AP,ICICI,WITHDRAW,2017-08-12,101.9,REU,Y,0
SAPEXTXN395,AP,ICICI,WITHDRAW,2017-08-12,101.9,REU,Y,0
SAPEXTXN396,AP,ICICI,WITHDRAW,2017-08-12,101.9,REU,Y,0
SAPEXTXN397,AP,ICICI,WITHDRAW,2017-08-12,101.9,REU,Y,0
SAPEXTXN398,AP,ICICI,WITHDRAW,2017-08-12,101.9,REU,Y,0
SAPEXTXN399,AP,ICICI,WITHDRAW,2017-08-12,101.9,REU,Y,0
SAPEXTXN400,AP,ICICI,WITHDRAW,2017-08-12,101.9,REU,Y,0
SAPEXTXN401,AP,ICICI,BUY,2017-08-12,101.9,REU,Y,0
SAPEXTXN402,AP,ICICI,BUY,2017-08-12,101.9,REU,Y,0
SAPEXTXN403,AP,ICICI,BUY,2017-08-12,101.9,REU,Y,0
SAPEXTXN404,AP,ICICI,BUY,2017-08-12,101.9,REU,Y,0
SAPEXTXN405,AP,ICICI,BUY,2017-08-12,101.9,REU,Y,0
SAPEXTXN406,AP,ICICI,BUY,2017-08-12,101.9,REU,Y,0
SAPEXTXN407,AP,ICICI,BUY,2017-08-12,101.9,REU,Y,0
SAPEXTXN408,AP,ICICI,BUY,2017-08-12,101.9,REU,Y,0
SAPEXTXN409,AP,ICICI,BUY,2017-08-12,101.9,REU,Y,0
SAPEXTXN410,AP,ICICI,BUY,2017-08-12,101.9,REU,Y,0
SAPEXTXN411,AP,ICICI,BUY,2017-08-12,101.9,REU,Y,0
SAPEXTXN412,AP,ICICI,BUY,2017-08-12,101.9,REU,Y,0
SAPEXTXN413,AP,ICICI,BUY,2017-08-12,101.9,REU,Y,0
SAPEXTXN414,AP,ICICI,BUY,2017-08-12,101.9,REU,Y,0
SAPEXTXN415,AP,ICICI,BUY,2017-08-12,101.9,REU,Y,0
SAPEXTXN416,AP,ICICI,BUY,2017-08-12,101.9,REU,Y,0
SAPEXTXN417,AP,ICICI,BUY,2017-08-12,101.9,REU,Y,0
SAPEXTXN418,AP,ICICI,BUY,2017-08-12,101.9,REU,Y,0
SAPEXTXN419,AP,ICICI,BUY,2017-08-12,101.9,REU,Y,0
SAPEXTXN420,AP,ICICI,BUY,2017-08-12,101.9,REU,Y,0
SAPEXTXN421,AP,ICICI,BUY,2017-08-12,101.9,REU,Y,0
SAPEXTXN422,AP,ICICI,BUY,2017-08-12,101.9,REU,Y,0
SAPEXTXN423,AP,ICICI,BUY,2017-08-12,101.9,REU,Y,0
SAPEXTXN424,AP,ICICI,BUY,2017-08-12,101.9,REU,Y,0
SAPEXTXN425,AP,ICICI,BUY,2017-08-12,101.9,REU,Y,0
SAPEXTXN426,AP,ICICI,BUY,2017-08-12,101.9,REU,Y,0
SAPEXTXN427,AP,ICICI,BUY,2017-08-12,101.9,REU,Y,0
SAPEXTXN428,AP,ICICI,BUY,2017-08-12,101.9,REU,Y,0
SAPEXTXN429,AP,ICICI,BUY,2017-08-12,101.9,REU,Y,0
SAPEXTXN430,AP,ICICI,BUY,2017-08-12,101.9,REU,Y,0
SAPEXTXN431,AP,ICICI,BUY,2017-08-12,101.9,REU,Y,0
SAPEXTXN432,AP,ICICI,BUY,2017-08-12,101.9,REU,Y,0
SAPEXTXN433,AP,ICICI,BUY,2017-08-12,101.9,REU,Y,0
SAPEXTXN434,AP,ICICI,BUY,2017-08-12,101.9,REU,Y,0
SAPEXTXN435,AP,ICICI,BUY,2017-08-12,101.9,REU,Y,0
SAPEXTXN436,AP,ICICI,BUY,2017-08-12,101.9,REU,Y,0
SAPEXTXN437,AP,ICICI,BUY,2017-08-12,101.9,REU,Y,0
SAPEXTXN438,AP,ICICI,BUY,2017-08-12,101.9,REU,Y,0
SAPEXTXN439,AP,ICICI,BUY,2017-08-12,101.9,REU,Y,0
SAPEXTXN440,AP,ICICI,BUY,2017-08-12,101.9,REU,Y,0
SAPEXTXN441,AP,ICICI,BUY,2017-08-12,101.9,REU,Y,0
SAPEXTXN442,AP,ICICI,BUY,2017-08-12,101.9,REU,Y,0
SAPEXTXN443,AP,ICICI,BUY,2017-08-12,101.9,REU,Y,0
SAPEXTXN444,AP,ICICI,BUY,2017-08-12,101.9,REU,Y,0
SAPEXTXN445,AP,ICICI,BUY,2017-08-12,101.9,REU,Y,0
SAPEXTXN446,AP,ICICI,BUY,2017-08-12,101.9,REU,Y,0
SAPEXTXN447,AP,ICICI,BUY,2017-08-12,101.9,REU,Y,0
SAPEXTXN448,AP,ICICI,BUY,2017-08-12,101.9,REU,Y,0
SAPEXTXN449,AP,ICICI,BUY,2017-08-12,101.9,REU,Y,0
SAPEXTXN450,AP,ICICI,BUY,2017-08-12,101.9,REU,Y,0
SAPEXTXN451,AP,ICICI,BUY,2017-08-12,101.9,REU,Y,0
SAPEXTXN452,AP,ICICI,BUY,2017-08-12,101.9,REU,Y,0
SAPEXTXN453,AP,ICICI,BUY,2017-08-12,101.9,REU,Y,0
SAPEXTXN454,AP,ICICI,BUY,2017-08-12,101.9,REU,Y,0
SAPEXTXN455,AP,ICICI,BUY,2017-08-12,101.9,REU,Y,0
SAPEXTXN456,AP,ICICI,BUY,2017-08-12,101.9,REU,Y,0
SAPEXTXN457,AP,ICICI,BUY,2017-08-12,101.9,REU,Y,0
SAPEXTXN458,AP,ICICI,BUY,2017-08-12,101.9,REU,Y,0
SAPEXTXN459,AP,ICICI,BUY,2017-08-12,101.9,REU,Y,0
SAPEXTXN460,AP,ICICI,BUY,2017-08-12,101.9,REU,Y,0
SAPEXTXN461,AP,ICICI,BUY,2017-08-12,101.9,REU,Y,0
SAPEXTXN462,AP,ICICI,BUY,2017-08-12,101.9,REU,Y,0
SAPEXTXN463,AP,ICICI,BUY,2017-08-12,101.9,REU,Y,0
SAPEXTXN464,AP,ICICI,BUY,2017-08-12,101.9,REU,Y,0
SAPEXTXN465,AP,ICICI,BUY,2017-08-12,101.9,REU,Y,0
SAPEXTXN466,AP,ICICI,BUY,2017-08-12,101.9,REU,Y,0
SAPEXTXN467,AP,ICICI,BUY,2017-08-12,101.9,REU,Y,0
SAPEXTXN468,AP,ICICI,BUY,2017-08-12,101.9,REU,Y,0
SAPEXTXN469,AP,ICICI,BUY,2017-08-12,101.9,REU,Y,0
SAPEXTXN470,AP,ICICI,BUY,2017-08-12,101.9,REU,Y,0
SAPEXTXN471,AP,ICICI,BUY,2017-08-12,101.9,REU,Y,0
SAPEXTXN472,AP,ICICI,BUY,2017-08-12,101.9,REU,Y,0
SAPEXTXN473,AP,ICICI,BUY,2017-08-12,101.9,REU,Y,0
SAPEXTXN474,AP,ICICI,BUY,2017-08-12,101.9,REU,Y,0
SAPEXTXN475,AP,ICICI,BUY,2017-08-12,101.9,REU,Y,0
SAPEXTXN476,AP,ICICI,BUY,2017-08-12,101.9,REU,Y,0
SAPEXTXN477,AP,ICICI,BUY,2017-08-12,101.9,REU,Y,0
SAPEXTXN478,AP,ICICI,BUY,2017-08-12,101.9,REU,Y,0
SAPEXTXN479,AP,ICICI,BUY,2017-08-12,101.9,REU,Y,0
SAPEXTXN480,AP,ICICI,BUY,2017-08-12,101.9,REU,Y,0
SAPEXTXN481,AP,ICICI,BUY,2017-08-12,101.9,REU,Y,0
SAPEXTXN482,AP,ICICI,BUY,2017-08-12,101.9,REU,Y,0
SAPEXTXN483,AP,ICICI,BUY,2017-08-12,101.9,REU,Y,0
SAPEXTXN484,AP,ICICI,BUY,2017-08-12,101.9,REU,Y,0
SAPEXTXN485,AP,ICICI,BUY,2017-08-12,101.9,REU,Y,0
SAPEXTXN486,AP,ICICI,BUY,2017-08-12,101.9,REU,Y,0
SAPEXTXN487,AP,ICICI,BUY,2017-08-12,101.9,REU,Y,0
SAPEXTXN488,AP,ICICI,BUY,2017-08-12,101.9,REU,Y,0
SAPEXTXN489,AP,ICICI,BUY,2017-08-12,101.9,REU,Y,0
SAPEXTXN490,AP,ICICI,BUY,2017-08-12,101.9,REU,Y,0
SAPEXTXN491,AP,ICICI,BUY,2017-08-12,101.9,REU,Y,0
SAPEXTXN492,AP,ICICI,BUY,2017-08-12,101.9,REU,Y,0
SAPEXTXN493,AP,ICICI,BUY,2017-08-12,101.9,REU,Y,0
SAPEXTXN494,AP,ICICI,BUY,2017-08-12,101.9,REU,Y,0
SAPEXTXN495,AP,ICICI,BUY,2017-08-12,101.9,REU,Y,0
SAPEXTXN496,AP,ICICI,BUY,2017-08-12,101.9,REU,Y,0
SAPEXTXN497,AP,ICICI,BUY,2017-08-12,101.9,REU,Y,0
SAPEXTXN498,AP,ICICI,BUY,2017-08-12,101.9,REU,Y,0
SAPEXTXN499,AP,ICICI,BUY,2017-08-12,101.9,REU,Y,0
SAPEXTXN500,AP,ICICI,BUY,2017-08-12,101.9,REU,Y,0
SAPEXTXN501,AS,RELIND,WITHDRAW,2017-06-21,101.9,REU,Y,0
SAPEXTXN502,AS,RELIND,WITHDRAW,2017-06-21,101.9,REU,Y,0
SAPEXTXN503,AS,RELIND,WITHDRAW,2017-06-21,101.9,REU,Y,0
SAPEXTXN504,AS,RELIND,WITHDRAW,2017-06-21,101.9,REU,Y,0
SAPEXTXN505,AS,RELIND,WITHDRAW,2017-06-21,101.9,REU,Y,0
SAPEXTXN506,AS,RELIND,WITHDRAW,2017-06-21,101.9,REU,Y,0
SAPEXTXN507,AS,RELIND,WITHDRAW,2017-06-21,101.9,REU,Y,0
SAPEXTXN508,AS,RELIND,WITHDRAW,2017-06-21,101.9,REU,Y,0
SAPEXTXN509,AS,RELIND,WITHDRAW,2017-06-21,101.9,REU,Y,0
SAPEXTXN510,AS,RELIND,WITHDRAW,2017-06-21,101.9,REU,Y,0
SAPEXTXN511,AS,RELIND,WITHDRAW,2017-06-21,101.9,REU,Y,0
SAPEXTXN512,AS,RELIND,WITHDRAW,2017-06-21,101.9,REU,Y,0
SAPEXTXN513,AS,RELIND,WITHDRAW,2017-06-21,101.9,REU,Y,0
SAPEXTXN514,AS,RELIND,WITHDRAW,2017-06-21,101.9,REU,Y,0
SAPEXTXN515,AS,RELIND,WITHDRAW,2017-06-21,101.9,REU,Y,0
SAPEXTXN516,AS,RELIND,WITHDRAW,2017-06-21,101.9,REU,Y,0
SAPEXTXN517,AS,RELIND,WITHDRAW,2017-06-21,101.9,REU,Y,0
SAPEXTXN518,AS,RELIND,WITHDRAW,2017-06-21,101.9,REU,Y,0
SAPEXTXN519,AS,RELIND,WITHDRAW,2017-06-21,101.9,REU,Y,0
SAPEXTXN520,AS,RELIND,WITHDRAW,2017-06-21,101.9,REU,Y,0
SAPEXTXN521,AS,RELIND,WITHDRAW,2017-06-21,101.9,REU,Y,0
SAPEXTXN522,AS,RELIND,WITHDRAW,2017-06-21,101.9,REU,Y,0
SAPEXTXN523,AS,RELIND,WITHDRAW,2017-06-21,101.9,REU,Y,0
SAPEXTXN524,AS,RELIND,WITHDRAW,2017-06-21,101.9,REU,Y,0
SAPEXTXN525,AS,RELIND,WITHDRAW,2017-06-21,101.9,REU,Y,0
SAPEXTXN526,AS,RELIND,WITHDRAW,2017-06-21,101.9,REU,Y,0
SAPEXTXN527,AS,RELIND,WITHDRAW,2017-06-21,101.9,REU,Y,0
SAPEXTXN528,AS,RELIND,WITHDRAW,2017-06-21,101.9,REU,Y,0
SAPEXTXN529,AS,RELIND,WITHDRAW,2017-06-21,101.9,REU,Y,0
SAPEXTXN530,AS,RELIND,WITHDRAW,2017-06-21,101.9,REU,Y,0
SAPEXTXN531,AS,RELIND,WITHDRAW,2017-06-21,101.9,REU,Y,0
SAPEXTXN532,AS,RELIND,WITHDRAW,2017-06-21,101.9,REU,Y,0
SAPEXTXN533,AS,RELIND,WITHDRAW,2017-06-21,101.9,REU,Y,0
SAPEXTXN534,AS,RELIND,WITHDRAW,2017-06-21,101.9,REU,Y,0
SAPEXTXN535,AS,RELIND,WITHDRAW,2017-06-21,101.9,REU,Y,0
SAPEXTXN536,AS,RELIND,WITHDRAW,2017-06-21,101.9,REU,Y,0
SAPEXTXN537,AS,RELIND,WITHDRAW,2017-06-21,101.9,REU,Y,0
SAPEXTXN538,AS,RELIND,WITHDRAW,2017-06-21,101.9,REU,Y,0
SAPEXTXN539,AS,RELIND,WITHDRAW,2017-06-21,101.9,REU,Y,0
SAPEXTXN540,AS,RELIND,WITHDRAW,2017-06-21,101.9,REU,Y,0
SAPEXTXN541,AS,RELIND,WITHDRAW,2017-06-21,101.9,REU,Y,0
SAPEXTXN542,AS,RELIND,WITHDRAW,2017-06-21,101.9,REU,Y,0
SAPEXTXN543,AS,RELIND,WITHDRAW,2017-06-21,101.9,REU,Y,0
SAPEXTXN544,AS,RELIND,WITHDRAW,2017-06-21,101.9,REU,Y,0
SAPEXTXN545,AS,RELIND,WITHDRAW,2017-06-21,101.9,REU,Y,0
SAPEXTXN546,AS,RELIND,WITHDRAW,2017-06-21,101.9,REU,Y,0
SAPEXTXN547,AS,RELIND,WITHDRAW,2017-06-21,101.9,REU,Y,0
SAPEXTXN548,AS,RELIND,WITHDRAW,2017-06-21,101.9,REU,Y,0
SAPEXTXN549,AS,RELIND,WITHDRAW,2017-06-21,101.9,REU,Y,0
SAPEXTXN550,AS,RELIND,WITHDRAW,2017-06-21,101.9,REU,Y,0
SAPEXTXN551,AS,RELIND,WITHDRAW,2017-06-21,101.9,REU,Y,0
SAPEXTXN552,AS,RELIND,WITHDRAW,2017-06-21,101.9,REU,Y,0
SAPEXTXN553,AS,RELIND,WITHDRAW,2017-06-21,101.9,REU,Y,0
SAPEXTXN554,AS,RELIND,WITHDRAW,2017-06-21,101.9,REU,Y,0
SAPEXTXN555,AS,RELIND,WITHDRAW,2017-06-21,101.9,REU,Y,0
SAPEXTXN556,AS,RELIND,WITHDRAW,2017-06-21,101.9,REU,Y,0
SAPEXTXN557,AS,RELIND,WITHDRAW,2017-06-21,101.9,REU,Y,0
SAPEXTXN558,AS,RELIND,WITHDRAW,2017-06-21,101.9,REU,Y,0
SAPEXTXN559,AS,RELIND,WITHDRAW,2017-06-21,101.9,REU,Y,0
SAPEXTXN560,AS,RELIND,WITHDRAW,2017-06-21,101.9,REU,Y,0
SAPEXTXN561,AS,RELIND,WITHDRAW,2017-06-21,101.9,REU,Y,0
SAPEXTXN562,AS,RELIND,WITHDRAW,2017-06-21,101.9,REU,Y,0
SAPEXTXN563,AS,RELIND,WITHDRAW,2017-06-21,101.9,REU,Y,0
SAPEXTXN564,AS,RELIND,WITHDRAW,2017-06-21,101.9,REU,Y,0
SAPEXTXN565,AS,RELIND,WITHDRAW,2017-06-21,101.9,REU,Y,0
SAPEXTXN566,AS,RELIND,WITHDRAW,2017-06-21,101.9,REU,Y,0
SAPEXTXN567,AS,RELIND,WITHDRAW,2017-06-21,101.9,REU,Y,0
SAPEXTXN568,AS,RELIND,WITHDRAW,2017-06-21,101.9,REU,Y,0
SAPEXTXN569,AS,RELIND,WITHDRAW,2017-06-21,101.9,REU,Y,0
SAPEXTXN570,AS,RELIND,WITHDRAW,2017-06-21,101.9,REU,Y,0
SAPEXTXN571,AS,RELIND,WITHDRAW,2017-06-21,101.9,REU,Y,0
SAPEXTXN572,AS,RELIND,WITHDRAW,2017-06-21,101.9,REU,Y,0
SAPEXTXN573,AS,RELIND,WITHDRAW,2017-06-21,101.9,REU,Y,0
SAPEXTXN574,AS,RELIND,WITHDRAW,2017-06-21,101.9,REU,Y,0
SAPEXTXN575,AS,RELIND,WITHDRAW,2017-06-21,101.9,REU,Y,0
SAPEXTXN576,AS,RELIND,WITHDRAW,2017-06-21,101.9,REU,Y,0
SAPEXTXN577,AS,RELIND,WITHDRAW,2017-06-21,101.9,REU,Y,0
SAPEXTXN578,AS,RELIND,WITHDRAW,2017-06-21,101.9,REU,Y,0
SAPEXTXN579,AS,RELIND,WITHDRAW,2017-06-21,101.9,REU,Y,0
SAPEXTXN580,AS,RELIND,WITHDRAW,2017-06-21,101.9,REU,Y,0
SAPEXTXN581,AS,RELIND,WITHDRAW,2017-06-21,101.9,REU,Y,0
SAPEXTXN582,AS,RELIND,WITHDRAW,2017-06-21,101.9,REU,Y,0
SAPEXTXN583,AS,RELIND,WITHDRAW,2017-06-21,101.9,REU,Y,0
SAPEXTXN584,AS,RELIND,WITHDRAW,2017-06-21,101.9,REU,Y,0
SAPEXTXN585,AS,RELIND,WITHDRAW,2017-06-21,101.9,REU,Y,0
SAPEXTXN586,AS,RELIND,WITHDRAW,2017-06-21,101.9,REU,Y,0
SAPEXTXN587,AS,RELIND,WITHDRAW,2017-06-21,101.9,REU,Y,0
SAPEXTXN588,AS,RELIND,WITHDRAW,2017-06-21,101.9,REU,Y,0
SAPEXTXN589,AS,RELIND,WITHDRAW,2017-06-21,101.9,REU,Y,0
SAPEXTXN590,AS,RELIND,WITHDRAW,2017-06-21,101.9,REU,Y,0
SAPEXTXN591,AS,RELIND,WITHDRAW,2017-06-21,101.9,REU,Y,0
SAPEXTXN592,AS,RELIND,WITHDRAW,2017-06-21,101.9,REU,Y,0
SAPEXTXN593,AS,RELIND,WITHDRAW,2017-06-21,101.9,REU,Y,0
SAPEXTXN594,AS,RELIND,WITHDRAW,2017-06-21,101.9,REU,Y,0
SAPEXTXN595,AS,RELIND,WITHDRAW,2017-06-21,101.9,REU,Y,0
SAPEXTXN596,AS,RELIND,WITHDRAW,2017-06-21,101.9,REU,Y,0
SAPEXTXN597,AS,RELIND,WITHDRAW,2017-06-21,101.9,REU,Y,0
SAPEXTXN598,AS,RELIND,WITHDRAW,2017-06-21,101.9,REU,Y,0
SAPEXTXN599,AS,RELIND,WITHDRAW,2017-06-21,101.9,REU,Y,0
SAPEXTXN600,AS,RELIND,WITHDRAW,2017-06-21,101.9,REU,Y,0
SAPEXTXN601,AS,RELIND,DEPOSIT,2017-06-21,101.9,REU,Y,0
SAPEXTXN602,AS,RELIND,DEPOSIT,2017-06-21,101.9,REU,Y,0
SAPEXTXN603,AS,RELIND,DEPOSIT,2017-06-21,101.9,REU,Y,0
SAPEXTXN604,AS,RELIND,DEPOSIT,2017-06-21,101.9,REU,Y,0
SAPEXTXN605,AS,RELIND,DEPOSIT,2017-06-21,101.9,REU,Y,0
SAPEXTXN606,AS,RELIND,DEPOSIT,2017-06-21,101.9,REU,Y,0
SAPEXTXN607,AS,RELIND,DEPOSIT,2017-06-21,101.9,REU,Y,0
SAPEXTXN608,AS,RELIND,DEPOSIT,2017-06-21,101.9,REU,Y,0
SAPEXTXN609,AS,RELIND,DEPOSIT,2017-06-21,101.9,REU,Y,0
SAPEXTXN610,AS,RELIND,DEPOSIT,2017-06-21,101.9,REU,Y,0
SAPEXTXN611,AS,RELIND,DEPOSIT,2017-06-21,101.9,REU,Y,0
SAPEXTXN612,AS,RELIND,DEPOSIT,2017-06-21,101.9,REU,Y,0
SAPEXTXN613,AS,RELIND,DEPOSIT,2017-06-21,101.9,REU,Y,0
SAPEXTXN614,AS,RELIND,DEPOSIT,2017-06-21,101.9,REU,Y,0
SAPEXTXN615,AS,RELIND,DEPOSIT,2017-06-21,101.9,REU,Y,0
SAPEXTXN616,AS,RELIND,DEPOSIT,2017-06-21,101.9,REU,Y,0
SAPEXTXN617,AS,RELIND,DEPOSIT,2017-06-21,101.9,REU,Y,0
SAPEXTXN618,AS,RELIND,DEPOSIT,2017-06-21,101.9,REU,Y,0
SAPEXTXN619,AS,RELIND,DEPOSIT,2017-06-21,101.9,REU,Y,0
SAPEXTXN620,AS,RELIND,DEPOSIT,2017-06-21,101.9,REU,Y,0
SAPEXTXN621,AS,RELIND,DEPOSIT,2017-06-21,101.9,REU,Y,0
SAPEXTXN622,AS,RELIND,DEPOSIT,2017-06-21,101.9,REU,Y,0
SAPEXTXN623,AS,RELIND,DEPOSIT,2017-06-21,101.9,REU,Y,0
SAPEXTXN624,AS,RELIND,DEPOSIT,2017-06-21,101.9,REU,Y,0
SAPEXTXN625,AS,RELIND,DEPOSIT,2017-06-21,101.9,REU,Y,0
SAPEXTXN626,AS,RELIND,DEPOSIT,2017-06-21,101.9,REU,Y,0
SAPEXTXN627,AS,RELIND,DEPOSIT,2017-06-21,101.9,REU,Y,0
SAPEXTXN628,AS,RELIND,DEPOSIT,2017-06-21,101.9,REU,Y,0
SAPEXTXN629,AS,RELIND,DEPOSIT,2017-06-21,101.9,REU,Y,0
SAPEXTXN630,AS,RELIND,DEPOSIT,2017-06-21,101.9,REU,Y,0
SAPEXTXN631,AS,RELIND,DEPOSIT,2017-06-21,101.9,REU,Y,0
SAPEXTXN632,AS,RELIND,DEPOSIT,2017-06-21,101.9,REU,Y,0
SAPEXTXN633,AS,RELIND,DEPOSIT,2017-06-21,101.9,REU,Y,0
SAPEXTXN634,AS,RELIND,DEPOSIT,2017-06-21,101.9,REU,Y,0
SAPEXTXN635,AS,RELIND,DEPOSIT,2017-06-21,101.9,REU,Y,0
SAPEXTXN636,AS,RELIND,DEPOSIT,2017-06-21,101.9,REU,Y,0
SAPEXTXN637,AS,RELIND,DEPOSIT,2017-06-21,101.9,REU,Y,0
SAPEXTXN638,AS,RELIND,DEPOSIT,2017-06-21,101.9,REU,Y,0
SAPEXTXN639,AS,RELIND,DEPOSIT,2017-06-21,101.9,REU,Y,0
SAPEXTXN640,AS,RELIND,DEPOSIT,2017-06-21,101.9,REU,Y,0
SAPEXTXN641,AS,RELIND,DEPOSIT,2017-06-21,101.9,REU,Y,0
SAPEXTXN642,AS,RELIND,DEPOSIT,2017-06-21,101.9,REU,Y,0
SAPEXTXN643,AS,RELIND,DEPOSIT,2017-06-21,101.9,REU,Y,0
SAPEXTXN644,AS,RELIND,DEPOSIT,2017-06-21,101.9,REU,Y,0
SAPEXTXN645,AS,RELIND,DEPOSIT,2017-06-21,101.9,REU,Y,0
SAPEXTXN646,AS,RELIND,DEPOSIT,2017-06-21,101.9,REU,Y,0
SAPEXTXN647,AS,RELIND,DEPOSIT,2017-06-21,101.9,REU,Y,0
SAPEXTXN648,AS,RELIND,DEPOSIT,2017-06-21,101.9,REU,Y,0
SAPEXTXN649,AS,RELIND,DEPOSIT,2017-06-21,101.9,REU,Y,0
SAPEXTXN650,AS,RELIND,DEPOSIT,2017-06-21,101.9,REU,Y,0
SAPEXTXN651,AS,RELIND,DEPOSIT,2017-06-21,101.9,REU,Y,0
SAPEXTXN652,AS,RELIND,DEPOSIT,2017-06-21,101.9,REU,Y,0
SAPEXTXN653,AS,RELIND,DEPOSIT,2017-06-21,101.9,REU,Y,0
SAPEXTXN654,AS,RELIND,DEPOSIT,2017-06-21,101.9,REU,Y,0
SAPEXTXN655,AS,RELIND,DEPOSIT,2017-06-21,101.9,REU,Y,0
SAPEXTXN656,AS,RELIND,DEPOSIT,2017-06-21,101.9,REU,Y,0
SAPEXTXN657,AS,RELIND,DEPOSIT,2017-06-21,101.9,REU,Y,0
SAPEXTXN658,AS,RELIND,DEPOSIT,2017-06-21,101.9,REU,Y,0
SAPEXTXN659,AS,RELIND,DEPOSIT,2017-06-21,101.9,REU,Y,0
SAPEXTXN660,AS,RELIND,DEPOSIT,2017-06-21,101.9,REU,Y,0
SAPEXTXN661,AS,RELIND,DEPOSIT,2017-06-21,101.9,REU,Y,0
SAPEXTXN662,AS,RELIND,DEPOSIT,2017-06-21,101.9,REU,Y,0
SAPEXTXN663,AS,RELIND,DEPOSIT,2017-06-21,101.9,REU,Y,0
SAPEXTXN664,AS,RELIND,DEPOSIT,2017-06-21,101.9,REU,Y,0
SAPEXTXN665,AS,RELIND,DEPOSIT,2017-06-21,101.9,REU,Y,0
SAPEXTXN666,AS,RELIND,DEPOSIT,2017-06-21,101.9,REU,Y,0
SAPEXTXN667,AS,RELIND,DEPOSIT,2017-06-21,101.9,REU,Y,0
SAPEXTXN668,AS,RELIND,DEPOSIT,2017-06-21,101.9,REU,Y,0
SAPEXTXN669,AS,RELIND,DEPOSIT,2017-06-21,101.9,REU,Y,0
SAPEXTXN670,AS,RELIND,DEPOSIT,2017-06-21,101.9,REU,Y,0
SAPEXTXN671,AS,RELIND,DEPOSIT,2017-06-21,101.9,REU,Y,0
SAPEXTXN672,AS,RELIND,DEPOSIT,2017-06-21,101.9,REU,Y,0
SAPEXTXN673,AS,RELIND,DEPOSIT,2017-06-21,101.9,REU,Y,0
SAPEXTXN674,AS,RELIND,DEPOSIT,2017-06-21,101.9,REU,Y,0
SAPEXTXN675,AS,RELIND,DEPOSIT,2017-06-21,101.9,REU,Y,0
SAPEXTXN676,AS,RELIND,DEPOSIT,2017-06-21,101.9,REU,Y,0
SAPEXTXN677,AS,RELIND,DEPOSIT,2017-06-21,101.9,REU,Y,0
SAPEXTXN678,AS,RELIND,DEPOSIT,2017-06-21,101.9,REU,Y,0
SAPEXTXN679,AS,RELIND,DEPOSIT,2017-06-21,101.9,REU,Y,0
SAPEXTXN680,AS,RELIND,DEPOSIT,2017-06-21,101.9,REU,Y,0
SAPEXTXN681,AS,RELIND,DEPOSIT,2017-06-21,101.9,REU,Y,0
SAPEXTXN682,AS,RELIND,DEPOSIT,2017-06-21,101.9,REU,Y,0
SAPEXTXN683,AS,RELIND,DEPOSIT,2017-06-21,101.9,REU,Y,0
SAPEXTXN684,AS,RELIND,DEPOSIT,2017-06-21,101.9,REU,Y,0
SAPEXTXN685,AS,RELIND,DEPOSIT,2017-06-21,101.9,REU,Y,0
SAPEXTXN686,AS,RELIND,DEPOSIT,2017-06-21,101.9,REU,Y,0
SAPEXTXN687,AS,RELIND,DEPOSIT,2017-06-21,101.9,REU,Y,0
SAPEXTXN688,AS,RELIND,DEPOSIT,2017-06-21,101.9,REU,Y,0
SAPEXTXN689,AS,RELIND,DEPOSIT,2017-06-21,101.9,REU,Y,0
SAPEXTXN690,AS,RELIND,DEPOSIT,2017-06-21,101.9,REU,Y,0
SAPEXTXN691,AS,RELIND,DEPOSIT,2017-06-21,101.9,REU,Y,0
SAPEXTXN692,AS,RELIND,DEPOSIT,2017-06-21,101.9,REU,Y,0
SAPEXTXN693,AS,RELIND,DEPOSIT,2017-06-21,101.9,REU,Y,0
SAPEXTXN694,AS,RELIND,DEPOSIT,2017-06-21,101.9,REU,Y,0
SAPEXTXN695,AS,RELIND,DEPOSIT,2017-06-21,101.9,REU,Y,0
SAPEXTXN696,AS,RELIND,DEPOSIT,2017-06-21,101.9,REU,Y,0
SAPEXTXN697,AS,RELIND,DEPOSIT,2017-06-21,101.9,REU,Y,0
SAPEXTXN698,AS,RELIND,DEPOSIT,2017-06-21,101.9,REU,Y,0
SAPEXTXN699,AS,RELIND,DEPOSIT,2017-06-21,101.9,REU,Y,0
SAPEXTXN700,AS,RELIND,DEPOSIT,2017-06-21,101.9,REU,Y,0
SAPEXTXN701,AS,RELIND,BUY,2017-06-21,101.9,REU,Y,0
SAPEXTXN702,AS,RELIND,SELL,2017-06-21,101.9,REU,Y,0
SAPEXTXN703,AS,RELIND,BUY,2017-06-21,101.9,REU,Y,0
SAPEXTXN704,AS,RELIND,SELL,2017-06-21,101.9,REU,Y,0
SAPEXTXN705,AS,RELIND,BUY,2017-06-21,101.9,REU,Y,0
SAPEXTXN706,AS,RELIND,SELL,2017-06-21,101.9,REU,Y,0
SAPEXTXN707,AS,RELIND,BUY,2017-06-21,101.9,REU,Y,0
SAPEXTXN708,AS,RELIND,SELL,2017-06-21,101.9,REU,Y,0
SAPEXTXN709,AS,RELIND,BUY,2017-06-21,101.9,REU,Y,0
SAPEXTXN710,AS,RELIND,SELL,2017-06-21,101.9,REU,Y,0
SAPEXTXN711,AS,RELIND,BUY,2017-06-21,101.9,REU,Y,0
SAPEXTXN712,AS,RELIND,SELL,2017-06-21,101.9,REU,Y,0
SAPEXTXN713,AS,RELIND,BUY,2017-06-21,101.9,REU,Y,0
SAPEXTXN714,AS,RELIND,SELL,2017-06-21,101.9,REU,Y,0
SAPEXTXN715,AS,RELIND,BUY,2017-06-21,101.9,REU,Y,0
SAPEXTXN716,AS,RELIND,SELL,2017-06-21,101.9,REU,Y,0
SAPEXTXN717,AS,RELIND,BUY,2017-06-21,101.9,REU,Y,0
SAPEXTXN718,AS,RELIND,SELL,2017-06-21,101.9,REU,Y,0
SAPEXTXN719,AS,RELIND,BUY,2017-06-21,101.9,REU,Y,0
SAPEXTXN720,AS,RELIND,SELL,2017-06-21,101.9,REU,Y,0
SAPEXTXN721,AS,RELIND,BUY,2017-06-21,101.9,REU,Y,0
SAPEXTXN722,AS,RELIND,SELL,2017-06-21,101.9,REU,Y,0
SAPEXTXN723,AS,RELIND,BUY,2017-06-21,101.9,REU,Y,0
SAPEXTXN724,AS,RELIND,SELL,2017-06-21,101.9,REU,Y,0
SAPEXTXN725,AS,RELIND,BUY,2017-06-21,101.9,REU,Y,0
SAPEXTXN726,AS,RELIND,SELL,2017-06-21,101.9,REU,Y,0
SAPEXTXN727,AS,RELIND,BUY,2017-06-21,101.9,REU,Y,0
SAPEXTXN728,AS,RELIND,SELL,2017-06-21,101.9,REU,Y,0
SAPEXTXN729,AS,RELIND,BUY,2017-06-21,101.9,REU,Y,0
SAPEXTXN730,AS,RELIND,SELL,2017-06-21,101.9,REU,Y,0
SAPEXTXN731,AS,RELIND,BUY,2017-06-21,101.9,REU,Y,0
SAPEXTXN732,AS,RELIND,SELL,2017-06-21,101.9,REU,Y,0
SAPEXTXN733,AS,RELIND,BUY,2017-06-21,101.9,REU,Y,0
SAPEXTXN734,AS,RELIND,SELL,2017-06-21,101.9,REU,Y,0
SAPEXTXN735,AS,RELIND,BUY,2017-06-21,101.9,REU,Y,0
SAPEXTXN736,AS,RELIND,SELL,2017-06-21,101.9,REU,Y,0
SAPEXTXN737,AS,RELIND,BUY,2017-06-21,101.9,REU,Y,0
SAPEXTXN738,AS,RELIND,SELL,2017-06-21,101.9,REU,Y,0
SAPEXTXN739,AS,RELIND,BUY,2017-06-21,101.9,REU,Y,0
SAPEXTXN740,AS,RELIND,SELL,2017-06-21,101.9,REU,Y,0
SAPEXTXN741,AS,RELIND,BUY,2017-06-21,101.9,REU,Y,0
SAPEXTXN742,AS,RELIND,SELL,2017-06-21,101.9,REU,Y,0
SAPEXTXN743,AS,RELIND,BUY,2017-06-21,101.9,REU,Y,0
SAPEXTXN744,AS,RELIND,SELL,2017-06-21,101.9,REU,Y,0
SAPEXTXN745,AS,RELIND,BUY,2017-06-21,101.9,REU,Y,0
SAPEXTXN746,AS,RELIND,SELL,2017-06-21,101.9,REU,Y,0
SAPEXTXN747,AS,RELIND,BUY,2017-06-21,101.9,REU,Y,0
SAPEXTXN748,AS,RELIND,SELL,2017-06-21,101.9,REU,Y,0
SAPEXTXN749,AS,RELIND,BUY,2017-06-21,101.9,REU,Y,0
SAPEXTXN750,AS,RELIND,SELL,2017-06-21,101.9,REU,Y,0
SAPEXTXN751,HJ,RELIND,BUY,2011-09-08,101.9,REU,Y,0
SAPEXTXN752,HJ,RELIND,SELL,2011-09-08,101.9,REU,Y,0
SAPEXTXN753,HJ,RELIND,BUY,2011-09-08,101.9,REU,Y,0
SAPEXTXN754,HJ,RELIND,SELL,2011-09-08,101.9,REU,Y,0
SAPEXTXN755,HJ,RELIND,BUY,2011-09-08,101.9,REU,Y,0
SAPEXTXN756,HJ,RELIND,SELL,2011-09-08,101.9,REU,Y,0
SAPEXTXN757,HJ,RELIND,BUY,2011-09-08,101.9,REU,Y,0
SAPEXTXN758,HJ,RELIND,SELL,2011-09-08,101.9,REU,Y,0
SAPEXTXN759,HJ,RELIND,BUY,2011-09-08,101.9,REU,Y,0
SAPEXTXN760,HJ,RELIND,SELL,2011-09-08,101.9,REU,Y,0
SAPEXTXN761,HJ,RELIND,BUY,2011-09-08,101.9,REU,Y,0
SAPEXTXN762,HJ,RELIND,SELL,2011-09-08,101.9,REU,Y,0
SAPEXTXN763,HJ,RELIND,BUY,2011-09-08,101.9,REU,Y,0
SAPEXTXN764,HJ,RELIND,SELL,2011-09-08,101.9,REU,Y,0
SAPEXTXN765,HJ,RELIND,BUY,2011-09-08,101.9,REU,Y,0
SAPEXTXN766,HJ,RELIND,SELL,2011-09-08,101.9,REU,Y,0
SAPEXTXN767,HJ,RELIND,BUY,2011-09-08,101.9,REU,Y,0
SAPEXTXN768,HJ,RELIND,SELL,2011-09-08,101.9,REU,Y,0
SAPEXTXN769,HJ,RELIND,BUY,2011-09-08,101.9,REU,Y,0
SAPEXTXN770,HJ,RELIND,SELL,2011-09-08,101.9,REU,Y,0
SAPEXTXN771,HJ,RELIND,BUY,2011-09-08,101.9,REU,Y,0
SAPEXTXN772,HJ,RELIND,SELL,2011-09-08,101.9,REU,Y,0
SAPEXTXN773,HJ,RELIND,BUY,2011-09-08,101.9,REU,Y,0
SAPEXTXN774,HJ,RELIND,SELL,2011-09-08,101.9,REU,Y,0
SAPEXTXN775,HJ,RELIND,BUY,2011-09-08,101.9,REU,Y,0
SAPEXTXN776,HJ,RELIND,SELL,2011-09-08,101.9,REU,Y,0
SAPEXTXN777,HJ,RELIND,BUY,2011-09-08,101.9,REU,Y,0
SAPEXTXN778,HJ,RELIND,SELL,2011-09-08,101.9,REU,Y,0
SAPEXTXN779,HJ,RELIND,BUY,2011-09-08,101.9,REU,Y,0
SAPEXTXN780,HJ,RELIND,SELL,2011-09-08,101.9,REU,Y,0
SAPEXTXN781,HJ,RELIND,BUY,2011-09-08,101.9,REU,Y,0
SAPEXTXN782,HJ,RELIND,SELL,2011-09-08,101.9,REU,Y,0
SAPEXTXN783,HJ,RELIND,BUY,2011-09-08,101.9,REU,Y,0
SAPEXTXN784,HJ,RELIND,SELL,2011-09-08,101.9,REU,Y,0
SAPEXTXN785,HJ,RELIND,BUY,2011-09-08,101.9,REU,Y,0
SAPEXTXN786,HJ,RELIND,SELL,2011-09-08,101.9,REU,Y,0
SAPEXTXN787,HJ,RELIND,BUY,2011-09-08,101.9,REU,Y,0
SAPEXTXN788,HJ,RELIND,SELL,2011-09-08,101.9,REU,Y,0
SAPEXTXN789,HJ,RELIND,BUY,2011-09-08,101.9,REU,Y,0
SAPEXTXN790,HJ,RELIND,SELL,2011-09-08,101.9,REU,Y,0
SAPEXTXN791,HJ,RELIND,BUY,2011-09-08,101.9,REU,Y,0
SAPEXTXN792,HJ,RELIND,SELL,2011-09-08,101.9,REU,Y,0
SAPEXTXN793,HJ,RELIND,BUY,2011-09-08,101.9,REU,Y,0
SAPEXTXN794,HJ,RELIND,SELL,2011-09-08,101.9,REU,Y,0
SAPEXTXN795,HJ,RELIND,BUY,2011-09-08,101.9,REU,Y,0
SAPEXTXN796,HJ,RELIND,SELL,2011-09-08,101.9,REU,Y,0
SAPEXTXN797,HJ,RELIND,BUY,2011-09-08,101.9,REU,Y,0
SAPEXTXN798,HJ,RELIND,SELL,2011-09-08,101.9,REU,Y,0
SAPEXTXN799,HJ,RELIND,BUY,2011-09-08,101.9,REU,Y,0
SAPEXTXN800,HJ,RELIND,SELL,2011-09-08,101.9,REU,Y,0
SAPEXTXN801,HJ,HINDALCO,BUY,2011-09-08,101.9,REU,Y,0
SAPEXTXN802,HJ,HINDALCO,BUY,2011-09-08,101.9,REU,Y,0
SAPEXTXN803,HJ,HINDALCO,BUY,2011-09-08,101.9,REU,Y,0
SAPEXTXN804,HJ,HINDALCO,BUY,2011-09-08,101.9,REU,Y,0
SAPEXTXN805,HJ,HINDALCO,BUY,2011-09-08,101.9,REU,Y,0
SAPEXTXN806,HJ,HINDALCO,BUY,2011-09-08,101.9,REU,Y,0
SAPEXTXN807,HJ,HINDALCO,BUY,2011-09-08,101.9,REU,Y,0
SAPEXTXN808,HJ,HINDALCO,BUY,2011-09-08,101.9,REU,Y,0
SAPEXTXN809,HJ,HINDALCO,BUY,2011-09-08,101.9,REU,Y,0
SAPEXTXN810,HJ,HINDALCO,BUY,2011-09-08,101.9,REU,Y,0
SAPEXTXN811,HJ,HINDALCO,BUY,2011-09-08,101.9,REU,Y,0
SAPEXTXN812,HJ,HINDALCO,BUY,2011-09-08,101.9,REU,Y,0
SAPEXTXN813,HJ,HINDALCO,BUY,2011-09-08,101.9,REU,Y,0
SAPEXTXN814,HJ,HINDALCO,BUY,2011-09-08,101.9,REU,Y,0
SAPEXTXN815,HJ,HINDALCO,BUY,2011-09-08,101.9,REU,Y,0
SAPEXTXN816,HJ,HINDALCO,BUY,2011-09-08,101.9,REU,Y,0
SAPEXTXN817,HJ,HINDALCO,BUY,2011-09-08,101.9,REU,Y,0
SAPEXTXN818,HJ,HINDALCO,BUY,2011-09-08,101.9,REU,Y,0
SAPEXTXN819,HJ,HINDALCO,BUY,2011-09-08,101.9,REU,Y,0
SAPEXTXN820,HJ,HINDALCO,BUY,2011-09-08,101.9,REU,Y,0
SAPEXTXN821,HJ,HINDALCO,BUY,2011-09-08,101.9,REU,Y,0
SAPEXTXN822,HJ,HINDALCO,BUY,2011-09-08,101.9,REU,Y,0
SAPEXTXN823,HJ,HINDALCO,BUY,2011-09-08,101.9,REU,Y,0
SAPEXTXN824,HJ,HINDALCO,BUY,2011-09-08,101.9,REU,Y,0
SAPEXTXN825,HJ,HINDALCO,BUY,2011-09-08,101.9,REU,Y,0
SAPEXTXN826,HJ,HINDALCO,BUY,2011-09-08,101.9,REU,Y,0
SAPEXTXN827,HJ,HINDALCO,BUY,2011-09-08,101.9,REU,Y,0
SAPEXTXN828,HJ,HINDALCO,BUY,2011-09-08,101.9,REU,Y,0
SAPEXTXN829,HJ,HINDALCO,BUY,2011-09-08,101.9,REU,Y,0
SAPEXTXN830,HJ,HINDALCO,BUY,2011-09-08,101.9,REU,Y,0
SAPEXTXN831,HJ,HINDALCO,BUY,2011-09-08,101.9,REU,Y,0
SAPEXTXN832,HJ,HINDALCO,BUY,2011-09-08,101.9,REU,Y,0
SAPEXTXN833,HJ,HINDALCO,BUY,2011-09-08,101.9,REU,Y,0
SAPEXTXN834,HJ,HINDALCO,BUY,2011-09-08,101.9,REU,Y,0
SAPEXTXN835,HJ,HINDALCO,BUY,2011-09-08,101.9,REU,Y,0
SAPEXTXN836,HJ,HINDALCO,BUY,2011-09-08,101.9,REU,Y,0
SAPEXTXN837,HJ,HINDALCO,BUY,2011-09-08,101.9,REU,Y,0
SAPEXTXN838,HJ,HINDALCO,BUY,2011-09-08,101.9,REU,Y,0
SAPEXTXN839,HJ,HINDALCO,BUY,2011-09-08,101.9,REU,Y,0
SAPEXTXN840,HJ,HINDALCO,BUY,2011-09-08,101.9,REU,Y,0
SAPEXTXN841,HJ,HINDALCO,BUY,2011-09-08,101.9,REU,Y,0
SAPEXTXN842,HJ,HINDALCO,BUY,2011-09-08,101.9,REU,Y,0
SAPEXTXN843,HJ,HINDALCO,BUY,2011-09-08,101.9,REU,Y,0
SAPEXTXN844,HJ,HINDALCO,BUY,2011-09-08,101.9,REU,Y,0
SAPEXTXN845,HJ,HINDALCO,BUY,2011-09-08,101.9,REU,Y,0
SAPEXTXN846,HJ,HINDALCO,BUY,2011-09-08,101.9,REU,Y,0
SAPEXTXN847,HJ,HINDALCO,BUY,2011-09-08,101.9,REU,Y,0
SAPEXTXN848,HJ,HINDALCO,BUY,2011-09-08,101.9,REU,Y,0
SAPEXTXN849,HJ,HINDALCO,BUY,2011-09-08,101.9,REU,Y,0
SAPEXTXN850,HJ,HINDALCO,BUY,2011-09-08,101.9,REU,Y,0
SAPEXTXN851,HJ,HINDALCO,BUY,2011-09-08,101.9,REU,Y,0
SAPEXTXN852,HJ,HINDALCO,SELL,2011-09-08,101.9,REU,Y,0
SAPEXTXN853,HJ,HINDALCO,BUY,2011-09-08,101.9,REU,Y,0
SAPEXTXN854,HJ,HINDALCO,SELL,2011-09-08,101.9,REU,Y,0
SAPEXTXN855,HJ,HINDALCO,BUY,2011-09-08,101.9,REU,Y,0
SAPEXTXN856,HJ,HINDALCO,SELL,2011-09-08,101.9,REU,Y,0
SAPEXTXN857,HJ,HINDALCO,BUY,2011-09-08,101.9,REU,Y,0
SAPEXTXN858,HJ,HINDALCO,SELL,2011-09-08,101.9,REU,Y,0
SAPEXTXN859,HJ,HINDALCO,BUY,2011-09-08,101.9,REU,Y,0
SAPEXTXN860,HJ,HINDALCO,SELL,2011-09-08,101.9,REU,Y,0
SAPEXTXN861,HJ,HINDALCO,BUY,2011-09-08,101.9,REU,Y,0
SAPEXTXN862,HJ,HINDALCO,SELL,2011-09-08,101.9,REU,Y,0
SAPEXTXN863,HJ,HINDALCO,BUY,2011-09-08,101.9,REU,Y,0
SAPEXTXN864,HJ,HINDALCO,SELL,2011-09-08,101.9,REU,Y,0
SAPEXTXN865,HJ,HINDALCO,BUY,2011-09-08,101.9,REU,Y,0
SAPEXTXN866,HJ,HINDALCO,SELL,2011-09-08,101.9,REU,Y,0
SAPEXTXN867,HJ,HINDALCO,BUY,2011-09-08,101.9,REU,Y,0
SAPEXTXN868,HJ,HINDALCO,SELL,2011-09-08,101.9,REU,Y,0
SAPEXTXN869,HJ,HINDALCO,BUY,2011-09-08,101.9,REU,Y,0
SAPEXTXN870,HJ,HINDALCO,SELL,2011-09-08,101.9,REU,Y,0
SAPEXTXN871,HJ,HINDALCO,BUY,2011-09-08,101.9,REU,Y,0
SAPEXTXN872,HJ,HINDALCO,SELL,2011-09-08,101.9,REU,Y,0
SAPEXTXN873,HJ,HINDALCO,BUY,2011-09-08,101.9,REU,Y,0
SAPEXTXN874,HJ,HINDALCO,SELL,2011-09-08,101.9,REU,Y,0
SAPEXTXN875,HJ,HINDALCO,BUY,2011-09-08,101.9,REU,Y,0
SAPEXTXN876,HJ,HINDALCO,SELL,2011-09-08,101.9,REU,Y,0
SAPEXTXN877,HJ,HINDALCO,BUY,2011-09-08,101.9,REU,Y,0
SAPEXTXN878,HJ,HINDALCO,SELL,2011-09-08,101.9,REU,Y,0
SAPEXTXN879,HJ,HINDALCO,BUY,2011-09-08,101.9,REU,Y,0
SAPEXTXN880,HJ,HINDALCO,SELL,2011-09-08,101.9,REU,Y,0
SAPEXTXN881,HJ,HINDALCO,BUY,2011-09-08,101.9,REU,Y,0
SAPEXTXN882,HJ,HINDALCO,SELL,2011-09-08,101.9,REU,Y,0
SAPEXTXN883,HJ,HINDALCO,BUY,2011-09-08,101.9,REU,Y,0
SAPEXTXN884,HJ,HINDALCO,SELL,2011-09-08,101.9,REU,Y,0
SAPEXTXN885,HJ,HINDALCO,BUY,2011-09-08,101.9,REU,Y,0
SAPEXTXN886,HJ,HINDALCO,SELL,2011-09-08,101.9,REU,Y,0
SAPEXTXN887,HJ,HINDALCO,BUY,2011-09-08,101.9,REU,Y,0
SAPEXTXN888,HJ,HINDALCO,SELL,2011-09-08,101.9,REU,Y,0
SAPEXTXN889,HJ,HINDALCO,BUY,2011-09-08,101.9,REU,Y,0
SAPEXTXN890,HJ,HINDALCO,SELL,2011-09-08,101.9,REU,Y,0
SAPEXTXN891,HJ,HINDALCO,BUY,2011-09-08,101.9,REU,Y,0
SAPEXTXN892,HJ,HINDALCO,SELL,2011-09-08,101.9,REU,Y,0
SAPEXTXN893,HJ,HINDALCO,BUY,2011-09-08,101.9,REU,Y,0
SAPEXTXN894,HJ,HINDALCO,SELL,2011-09-08,101.9,REU,Y,0
SAPEXTXN895,HJ,HINDALCO,BUY,2011-09-08,101.9,REU,Y,0
SAPEXTXN896,HJ,HINDALCO,SELL,2011-09-08,101.9,REU,Y,0
SAPEXTXN897,HJ,HINDALCO,BUY,2011-09-08,101.9,REU,Y,0
SAPEXTXN898,HJ,HINDALCO,SELL,2011-09-08,101.9,REU,Y,0
SAPEXTXN899,HJ,HINDALCO,BUY,2011-09-08,101.9,REU,Y,0
SAPEXTXN900,HJ,HINDALCO,SELL,2011-09-08,101.9,REU,Y,0
SAPEXTXN901,HJ,HINDALCO,SELL,2011-09-08,101.9,REU,Y,0
SAPEXTXN902,HJ,HINDALCO,SELL,2011-09-08,101.9,REU,Y,0
SAPEXTXN903,HJ,HINDALCO,SELL,2011-09-08,101.9,REU,Y,0
SAPEXTXN904,HJ,HINDALCO,SELL,2011-09-08,101.9,REU,Y,0
SAPEXTXN905,HJ,HINDALCO,SELL,2011-09-08,101.9,REU,Y,0
SAPEXTXN906,HJ,HINDALCO,SELL,2011-09-08,101.9,REU,Y,0
SAPEXTXN907,HJ,HINDALCO,SELL,2011-09-08,101.9,REU,Y,0
SAPEXTXN908,HJ,HINDALCO,SELL,2011-09-08,101.9,REU,Y,0
SAPEXTXN909,HJ,HINDALCO,SELL,2011-09-08,101.9,REU,Y,0
SAPEXTXN910,HJ,HINDALCO,SELL,2011-09-08,101.9,REU,Y,0
SAPEXTXN911,HJ,HINDALCO,SELL,2011-09-08,101.9,REU,Y,0
SAPEXTXN912,HJ,HINDALCO,SELL,2011-09-08,101.9,REU,Y,0
SAPEXTXN913,HJ,HINDALCO,SELL,2011-09-08,101.9,REU,Y,0
SAPEXTXN914,HJ,HINDALCO,SELL,2011-09-08,101.9,REU,Y,0
SAPEXTXN915,HJ,HINDALCO,SELL,2011-09-08,101.9,REU,Y,0
SAPEXTXN916,HJ,HINDALCO,SELL,2011-09-08,101.9,REU,Y,0
SAPEXTXN917,HJ,HINDALCO,SELL,2011-09-08,101.9,REU,Y,0
SAPEXTXN918,HJ,HINDALCO,SELL,2011-09-08,101.9,REU,Y,0
SAPEXTXN919,HJ,HINDALCO,SELL,2011-09-08,101.9,REU,Y,0
SAPEXTXN920,HJ,HINDALCO,SELL,2011-09-08,101.9,REU,Y,0
SAPEXTXN921,HJ,HINDALCO,SELL,2011-09-08,101.9,REU,Y,0
SAPEXTXN922,HJ,HINDALCO,SELL,2011-09-08,101.9,REU,Y,0
SAPEXTXN923,HJ,HINDALCO,SELL,2011-09-08,101.9,REU,Y,0
SAPEXTXN924,HJ,HINDALCO,SELL,2011-09-08,101.9,REU,Y,0
SAPEXTXN925,HJ,HINDALCO,SELL,2011-09-08,101.9,REU,Y,0
SAPEXTXN926,HJ,HINDALCO,SELL,2011-09-08,101.9,REU,Y,0
SAPEXTXN927,HJ,HINDALCO,SELL,2011-09-08,101.9,REU,Y,0
SAPEXTXN928,HJ,HINDALCO,SELL,2011-09-08,101.9,REU,Y,0
SAPEXTXN929,HJ,HINDALCO,SELL,2011-09-08,101.9,REU,Y,0
SAPEXTXN930,HJ,HINDALCO,SELL,2011-09-08,101.9,REU,Y,0
SAPEXTXN931,HJ,HINDALCO,SELL,2011-09-08,101.9,REU,Y,0
SAPEXTXN932,HJ,HINDALCO,SELL,2011-09-08,101.9,REU,Y,0
SAPEXTXN933,HJ,HINDALCO,SELL,2011-09-08,101.9,REU,Y,0
SAPEXTXN934,HJ,HINDALCO,SELL,2011-09-08,101.9,REU,Y,0
SAPEXTXN935,HJ,HINDALCO,SELL,2011-09-08,101.9,REU,Y,0
SAPEXTXN936,HJ,HINDALCO,SELL,2011-09-08,101.9,REU,Y,0
SAPEXTXN937,HJ,HINDALCO,SELL,2011-09-08,101.9,REU,Y,0
SAPEXTXN938,HJ,HINDALCO,SELL,2011-09-08,101.9,REU,Y,0
SAPEXTXN939,HJ,HINDALCO,SELL,2011-09-08,101.9,REU,Y,0
SAPEXTXN940,HJ,HINDALCO,SELL,2011-09-08,101.9,REU,Y,0
SAPEXTXN941,HJ,HINDALCO,SELL,2011-09-08,101.9,REU,Y,0
SAPEXTXN942,HJ,HINDALCO,SELL,2011-09-08,101.9,REU,Y,0
SAPEXTXN943,HJ,HINDALCO,SELL,2011-09-08,101.9,REU,Y,0
SAPEXTXN944,HJ,HINDALCO,SELL,2011-09-08,101.9,REU,Y,0
SAPEXTXN945,HJ,HINDALCO,SELL,2011-09-08,101.9,REU,Y,0
SAPEXTXN946,HJ,HINDALCO,SELL,2011-09-08,101.9,REU,Y,0
SAPEXTXN947,HJ,HINDALCO,SELL,2011-09-08,101.9,REU,Y,0
SAPEXTXN948,HJ,HINDALCO,SELL,2011-09-08,101.9,REU,Y,0
SAPEXTXN949,HJ,HINDALCO,SELL,2011-09-08,101.9,REU,Y,0
SAPEXTXN950,HJ,HINDALCO,SELL,2011-09-08,101.9,REU,Y,0
SAPEXTXN951,HJ,HINDALCO,SELL,2011-09-08,101.9,REU,Y,0
SAPEXTXN952,HJ,HINDALCO,SELL,2011-09-08,101.9,REU,Y,0
SAPEXTXN953,HJ,HINDALCO,SELL,2011-09-08,101.9,REU,Y,0
SAPEXTXN954,HJ,HINDALCO,SELL,2011-09-08,101.9,REU,Y,0
SAPEXTXN955,HJ,HINDALCO,SELL,2011-09-08,101.9,REU,Y,0
SAPEXTXN956,HJ,HINDALCO,SELL,2011-09-08,101.9,REU,Y,0
SAPEXTXN957,HJ,HINDALCO,SELL,2011-09-08,101.9,REU,Y,0
SAPEXTXN958,HJ,HINDALCO,SELL,2011-09-08,101.9,REU,Y,0
SAPEXTXN959,HJ,HINDALCO,SELL,2011-09-08,101.9,REU,Y,0
SAPEXTXN960,HJ,HINDALCO,SELL,2011-09-08,101.9,REU,Y,0
SAPEXTXN961,HJ,HINDALCO,SELL,2011-09-08,101.9,REU,Y,0
SAPEXTXN962,HJ,HINDALCO,SELL,2011-09-08,101.9,REU,Y,0
SAPEXTXN963,HJ,HINDALCO,SELL,2011-09-08,101.9,REU,Y,0
SAPEXTXN964,HJ,HINDALCO,SELL,2011-09-08,101.9,REU,Y,0
SAPEXTXN965,HJ,HINDALCO,SELL,2011-09-08,101.9,REU,Y,0
SAPEXTXN966,HJ,HINDALCO,SELL,2011-09-08,101.9,REU,Y,0
SAPEXTXN967,HJ,HINDALCO,SELL,2011-09-08,101.9,REU,Y,0
SAPEXTXN968,HJ,HINDALCO,SELL,2011-09-08,101.9,REU,Y,0
SAPEXTXN969,HJ,HINDALCO,SELL,2011-09-08,101.9,REU,Y,0
SAPEXTXN970,HJ,HINDALCO,SELL,2011-09-08,101.9,REU,Y,0
SAPEXTXN971,HJ,HINDALCO,SELL,2011-09-08,101.9,REU,Y,0
SAPEXTXN972,HJ,HINDALCO,SELL,2011-09-08,101.9,REU,Y,0
SAPEXTXN973,HJ,HINDALCO,SELL,2011-09-08,101.9,REU,Y,0
SAPEXTXN974,HJ,HINDALCO,SELL,2011-09-08,101.9,REU,Y,0
SAPEXTXN975,HJ,HINDALCO,SELL,2011-09-08,101.9,REU,Y,0
SAPEXTXN976,HJ,HINDALCO,SELL,2011-09-08,101.9,REU,Y,0
SAPEXTXN977,HJ,HINDALCO,SELL,2011-09-08,101.9,REU,Y,0
SAPEXTXN978,HJ,HINDALCO,SELL,2011-09-08,101.9,REU,Y,0
SAPEXTXN979,HJ,HINDALCO,SELL,2011-09-08,101.9,REU,Y,0
SAPEXTXN980,HJ,HINDALCO,SELL,2011-09-08,101.9,REU,Y,0
SAPEXTXN981,HJ,HINDALCO,SELL,2011-09-08,101.9,REU,Y,0
SAPEXTXN982,HJ,HINDALCO,SELL,2011-09-08,101.9,REU,Y,0
SAPEXTXN983,HJ,HINDALCO,SELL,2011-09-08,101.9,REU,Y,0
SAPEXTXN984,HJ,HINDALCO,SELL,2011-09-08,101.9,REU,Y,0
SAPEXTXN985,HJ,HINDALCO,SELL,2011-09-08,101.9,REU,Y,0
SAPEXTXN986,HJ,HINDALCO,SELL,2011-09-08,101.9,REU,Y,0
SAPEXTXN987,HJ,HINDALCO,SELL,2011-09-08,101.9,REU,Y,0
SAPEXTXN988,HJ,HINDALCO,SELL,2011-09-08,101.9,REU,Y,0
SAPEXTXN989,HJ,HINDALCO,SELL,2011-09-08,101.9,REU,Y,0
SAPEXTXN990,HJ,HINDALCO,SELL,2011-09-08,101.9,REU,Y,0
SAPEXTXN991,HJ,HINDALCO,SELL,2011-09-08,101.9,REU,Y,0
SAPEXTXN992,HJ,HINDALCO,SELL,2011-09-08,101.9,REU,Y,0
SAPEXTXN993,HJ,HINDALCO,SELL,2011-09-08,101.9,REU,Y,0
SAPEXTXN994,HJ,HINDALCO,SELL,2011-09-08,101.9,REU,Y,0
SAPEXTXN995,HJ,HINDALCO,SELL,2011-09-08,101.9,REU,Y,0
SAPEXTXN996,HJ,HINDALCO,SELL,2011-09-08,101.9,REU,Y,0
SAPEXTXN997,HJ,HINDALCO,SELL,2011-09-08,101.9,REU,Y,0
SAPEXTXN998,HJ,HINDALCO,SELL,2011-09-08,101.9,REU,Y,0
SAPEXTXN999,HJ,HINDALCO,SELL,2011-09-08,101.9,REU,Y,0
SAPEXTXN1000,HJ,HINDALCO,SELL,2011-09-08,101.9,REU,Y,0
